# Blender 4.5.3 LTS
# www.blender.org
mtllib copa.mtl
o FIFA_World_Cup_Trophy_2
v -0.171168 0.689662 0.098824
v -0.197648 0.689662 -0.000000
v -0.165333 0.648138 0.095455
v -0.190910 0.648138 -0.000000
v -0.197648 0.689662 -0.000000
v -0.165333 0.648138 0.095455
v -0.190910 0.648138 -0.000000
v -0.171168 0.689662 0.098824
v -0.139636 0.731186 0.101070
v -0.139636 0.731186 0.101070
v -0.098824 0.689662 0.081035
v -0.098824 0.689662 0.081035
v -0.161442 0.606614 0.093209
v -0.186418 0.606614 -0.000000
v -0.161442 0.606614 0.093209
v -0.186418 0.606614 -0.000000
v -0.202140 0.731186 -0.000000
v -0.202140 0.731186 -0.000000
v -0.095455 0.648138 0.114601
v -0.095455 0.648138 0.114601
v -0.160470 0.565090 0.092647
v -0.185295 0.565090 -0.000000
v -0.160470 0.565090 0.092647
v -0.185295 0.565090 -0.000000
v -0.210001 0.772710 -0.000000
v -0.210001 0.772710 -0.000000
v 0.000000 0.648138 0.132330
v 0.000000 0.648138 0.132330
v -0.093209 0.606614 0.142298
v -0.093209 0.606614 0.142298
v -0.145882 0.523566 0.084225
v -0.168450 0.523566 -0.000000
v -0.145882 0.523566 0.084225
v -0.168450 0.523566 -0.000000
v -0.198572 0.793472 -0.000000
v -0.198572 0.793472 -0.000000
v -0.092647 0.565090 0.121638
v -0.092647 0.565090 0.121638
v -0.134211 0.482043 0.077487
v -0.154974 0.482043 -0.000000
v -0.134211 0.482043 0.077487
v -0.154974 0.482043 -0.000000
v -0.156548 0.765797 0.090383
v -0.156548 0.765797 0.090383
v 0.000000 0.606614 0.125229
v 0.000000 0.606614 0.125229
v 0.000000 0.565090 0.125229
v 0.000000 0.565090 0.125229
v -0.084225 0.523566 0.121638
v -0.084225 0.523566 0.121638
v -0.127403 0.440519 0.073556
v -0.147113 0.440519 -0.000000
v -0.127403 0.440519 0.073556
v -0.147113 0.440519 -0.000000
v -0.187143 0.814234 -0.000000
v -0.187143 0.814234 -0.000000
v 0.093209 0.606614 0.114419
v 0.093209 0.606614 0.114419
v -0.077487 0.482043 0.134211
v -0.077487 0.482043 0.134211
v -0.123513 0.398995 0.071310
v -0.142621 0.398995 -0.000000
v -0.123513 0.398995 0.071310
v -0.142621 0.398995 -0.000000
v -0.073556 0.440519 0.127403
v -0.073556 0.440519 0.127403
v -0.156548 0.765797 0.090383
v -0.162070 0.814234 0.093571
v -0.187143 0.814234 -0.000000
v -0.187143 0.814234 -0.000000
v -0.162070 0.814234 0.093571
v -0.156548 0.765797 0.090383
v -0.187143 0.814234 -0.000000
v -0.180766 0.765797 -0.000000
v -0.180766 0.765797 -0.000000
v -0.187143 0.814234 -0.000000
v 0.116651 0.665786 0.148049
v 0.116651 0.665786 0.148049
v 0.092648 0.565090 0.160470
v 0.092648 0.565090 0.160470
v 0.000000 0.523566 0.125229
v 0.000000 0.523566 0.125229
v -0.122541 0.357471 0.070749
v -0.141498 0.357471 -0.000000
v -0.122541 0.357471 0.070749
v -0.141498 0.357471 -0.000000
v -0.071310 0.398995 0.123513
v -0.071310 0.398995 0.123513
v 0.000000 0.440519 0.134211
v 0.000000 0.440519 0.134211
v -0.090383 0.765797 0.156548
v -0.093571 0.814234 0.162070
v -0.090383 0.765797 0.156548
v -0.093571 0.814234 0.162070
v -0.156548 0.862670 0.090383
v -0.180766 0.862670 -0.000000
v -0.156548 0.862670 0.090383
v -0.180766 0.862670 -0.000000
v -0.140357 0.720662 0.081035
v -0.162070 0.720662 -0.000000
v -0.140357 0.720662 0.081035
v -0.162070 0.720662 -0.000000
v 0.112712 0.689662 0.157280
v 0.112712 0.689662 0.157280
v 0.165333 0.648138 0.095455
v 0.165333 0.648138 0.095455
v 0.126559 0.565090 0.126559
v 0.160470 0.565090 0.092647
v 0.126559 0.565090 0.126559
v 0.160470 0.565090 0.092647
v 0.084225 0.523566 0.145882
v 0.084225 0.523566 0.145882
v 0.000000 0.482043 0.154974
v 0.000000 0.482043 0.154974
v -0.115733 0.315947 0.040989
v -0.115733 0.315947 0.040989
v -0.070749 0.357471 0.070996
v -0.070749 0.357471 0.070996
v 0.000000 0.765797 0.180766
v 0.000000 0.814234 0.187143
v 0.000000 0.765797 0.180766
v 0.000000 0.814234 0.187143
v -0.081035 0.720662 0.140357
v -0.081035 0.720662 0.140357
v -0.090383 0.862670 0.156548
v -0.090383 0.862670 0.156548
v -0.140357 0.907805 0.081035
v -0.162070 0.907805 -0.000000
v -0.140357 0.907805 0.081035
v -0.162070 0.907805 -0.000000
v -0.114601 0.681904 0.066165
v -0.132330 0.681904 -0.000000
v -0.114601 0.681904 0.066165
v -0.132330 0.681904 -0.000000
v 0.171168 0.689662 0.098824
v 0.134996 0.689662 0.134996
v 0.171168 0.689662 0.098824
v 0.134996 0.689662 0.134996
v 0.161443 0.606614 0.093209
v 0.161443 0.606614 0.093209
v 0.115054 0.523566 0.160470
v 0.115054 0.523566 0.160470
v 0.077487 0.482043 0.134211
v 0.077487 0.482043 0.134211
v -0.133637 0.315947 -0.000000
v -0.133637 0.315947 -0.000000
v 0.000000 0.398995 0.142621
v 0.000000 0.398995 0.142621
v 0.090383 0.765797 0.156548
v 0.093572 0.814234 0.162070
v 0.090383 0.765797 0.156548
v 0.093572 0.814234 0.162070
v 0.000000 0.720662 0.162070
v 0.000000 0.720662 0.162070
v 0.000000 0.862670 0.180766
v 0.000000 0.862670 0.180766
v -0.066165 0.681904 0.114601
v -0.066165 0.681904 0.114601
v -0.081035 0.907805 0.140357
v -0.081035 0.907805 0.140357
v -0.114601 0.946563 0.066165
v -0.132330 0.946563 -0.000000
v -0.114601 0.946563 0.066165
v -0.132330 0.946563 -0.000000
v -0.093571 0.652163 -0.000000
v -0.081035 0.652163 0.046786
v -0.093571 0.652163 -0.000000
v -0.081035 0.652163 0.046786
v 0.114381 0.731186 0.162070
v 0.114381 0.731186 0.162070
v 0.156561 0.731186 0.119567
v 0.175058 0.731186 0.101070
v 0.156561 0.731186 0.119567
v 0.175058 0.731186 0.101070
v 0.197648 0.689662 -0.000000
v 0.190910 0.648138 -0.000000
v 0.197648 0.689662 -0.000000
v 0.190910 0.648138 -0.000000
v 0.186418 0.606614 -0.000000
v 0.186418 0.606614 -0.000000
v 0.185295 0.565090 -0.000000
v 0.185295 0.565090 -0.000000
v 0.145882 0.523566 0.084225
v 0.145882 0.523566 0.084225
v 0.105849 0.482043 0.143029
v 0.105849 0.482043 0.143029
v -0.097701 0.274423 -0.000000
v -0.097701 0.274423 -0.000000
v -0.066818 0.315947 0.070996
v -0.066818 0.315947 0.070996
v 0.000000 0.357471 0.123513
v 0.000000 0.357471 0.123513
v 0.071311 0.398995 0.123513
v 0.071311 0.398995 0.123513
v 0.073557 0.440519 0.127403
v 0.073557 0.440519 0.127403
v 0.093572 0.814234 0.162070
v 0.090383 0.765797 0.156548
v 0.156548 0.765797 0.090383
v 0.156548 0.765797 0.090383
v 0.090383 0.765797 0.156548
v 0.093572 0.814234 0.162070
v 0.081035 0.720662 0.140357
v 0.081035 0.720662 0.140357
v 0.090383 0.862670 0.156548
v 0.090383 0.862670 0.156548
v -0.044925 0.681904 0.120292
v 0.000000 0.681904 0.132330
v 0.000000 0.681904 0.132330
v -0.044925 0.681904 0.120292
v 0.000000 0.907805 0.162070
v 0.000000 0.907805 0.162070
v -0.046785 0.652163 0.081035
v -0.046785 0.652163 0.081035
v -0.066165 0.946563 0.114601
v -0.066165 0.946563 0.114601
v -0.093571 0.976304 -0.000000
v -0.081035 0.976304 0.046786
v -0.093571 0.976304 -0.000000
v -0.081035 0.976304 0.046786
v -0.048436 0.633467 -0.000000
v -0.041947 0.633467 0.024218
v -0.048436 0.633467 -0.000000
v -0.041947 0.633467 0.024218
v 0.138064 0.731186 0.138064
v 0.138064 0.731186 0.138064
v 0.181866 0.772710 0.105000
v 0.181866 0.772710 0.105000
v 0.202140 0.731186 -0.000000
v 0.202140 0.731186 -0.000000
v 0.168450 0.523566 -0.000000
v 0.168450 0.523566 -0.000000
v 0.100480 0.440519 0.157795
v 0.100480 0.440519 0.157795
v -0.084611 0.274423 0.048850
v -0.084611 0.274423 0.048850
v 0.000000 0.315947 0.070996
v 0.000000 0.315947 0.070996
v 0.156548 0.765797 0.090383
v 0.162071 0.814234 0.093571
v 0.162071 0.814234 0.093571
v 0.156548 0.765797 0.090383
v 0.081035 0.720662 0.140357
v 0.140357 0.720662 0.081035
v 0.140357 0.720662 0.081035
v 0.081035 0.720662 0.140357
v 0.066165 0.681904 0.114601
v 0.066165 0.681904 0.114601
v 0.156548 0.862670 0.090383
v 0.156548 0.862670 0.090383
v 0.081035 0.907805 0.140357
v 0.081035 0.907805 0.140357
v -0.044925 0.681904 0.120292
v 0.000000 0.652163 0.093571
v 0.000000 0.681904 0.132330
v 0.000000 0.652163 0.093571
v -0.044925 0.681904 0.120292
v 0.000000 0.681904 0.132330
v 0.000000 0.946563 0.132330
v 0.000000 0.946563 0.132330
v -0.024218 0.633467 0.041947
v -0.024218 0.633467 0.041947
v -0.046785 0.976304 0.081035
v -0.046785 0.976304 0.081035
v -0.048436 0.995000 -0.000000
v -0.041947 0.995000 0.024218
v -0.048436 0.995000 -0.000000
v -0.041947 0.995000 0.024218
v 0.000000 0.627091 -0.000000
v 0.000000 0.627091 -0.000000
v 0.105001 0.772710 0.162070
v 0.105001 0.772710 0.162070
v 0.156548 0.765797 0.090383
v 0.156548 0.765797 0.090383
v 0.210001 0.772710 -0.000000
v 0.210001 0.772710 -0.000000
v 0.134212 0.482043 0.077487
v 0.154974 0.482043 -0.000000
v 0.134212 0.482043 0.077487
v 0.154974 0.482043 -0.000000
v -0.070996 0.232899 0.040989
v -0.081979 0.232899 -0.000000
v -0.070996 0.232899 0.040989
v -0.081979 0.232899 -0.000000
v 0.000000 0.274423 0.097701
v 0.000000 0.274423 0.097701
v -0.048850 0.274423 0.084611
v -0.048850 0.274423 0.084611
v 0.070749 0.357471 0.122541
v 0.070749 0.357471 0.122541
v 0.097412 0.398995 0.127403
v 0.097412 0.398995 0.127403
v 0.187143 0.814234 -0.000000
v 0.187143 0.814234 -0.000000
v 0.180766 0.765797 -0.000000
v 0.162071 0.720662 -0.000000
v 0.180766 0.765797 -0.000000
v 0.162071 0.720662 -0.000000
v 0.066165 0.681904 0.114601
v 0.114601 0.681904 0.066165
v 0.114601 0.681904 0.066165
v 0.066165 0.681904 0.114601
v 0.046786 0.652163 0.081035
v 0.046786 0.652163 0.081035
v 0.180766 0.862670 -0.000000
v 0.180766 0.862670 -0.000000
v 0.140357 0.907805 0.081035
v 0.140357 0.907805 0.081035
v 0.066165 0.946563 0.114601
v 0.066165 0.946563 0.114601
v 0.000000 0.633467 0.048436
v 0.000000 0.633467 0.048436
v 0.000000 0.976304 0.093571
v 0.000000 0.976304 0.093571
v -0.024218 0.995000 0.041947
v -0.024218 0.995000 0.041947
v 0.000000 1.001376 -0.000000
v 0.000000 1.001376 -0.000000
v 0.143434 0.772710 0.143433
v 0.143434 0.772710 0.143433
v 0.127404 0.440519 0.073556
v 0.147113 0.440519 -0.000000
v 0.127404 0.440519 0.073556
v 0.147113 0.440519 -0.000000
v -0.040989 0.232899 0.070996
v -0.040989 0.232899 0.070996
v -0.082666 0.191376 0.047727
v -0.095455 0.191376 -0.000000
v -0.095455 0.191376 -0.000000
v -0.082666 0.191376 0.047727
v 0.033409 0.315947 0.124685
v 0.033409 0.315947 0.124685
v 0.187143 0.814234 -0.000000
v 0.187143 0.814234 -0.000000
v 0.132330 0.681904 -0.000000
v 0.132330 0.681904 -0.000000
v 0.081035 0.652163 0.046786
v 0.081035 0.652163 0.046786
v 0.024218 0.633467 0.041947
v 0.024218 0.633467 0.041947
v 0.162071 0.907805 -0.000000
v 0.162071 0.907805 -0.000000
v 0.114601 0.946563 0.066165
v 0.114601 0.946563 0.066165
v 0.046786 0.976304 0.081035
v 0.046786 0.976304 0.081035
v 0.000000 0.995000 0.048436
v 0.000000 0.995000 0.048436
v 0.093572 0.814234 0.162070
v 0.093572 0.814234 0.162070
v 0.123514 0.398995 0.071310
v 0.142621 0.398995 -0.000000
v 0.123514 0.398995 0.071310
v 0.142621 0.398995 -0.000000
v 0.000000 0.232899 0.081979
v 0.000000 0.232899 0.081979
v -0.047727 0.191376 0.082666
v -0.047727 0.191376 0.082666
v -0.097254 0.149852 0.056150
v -0.112300 0.149852 -0.000000
v -0.112300 0.149852 -0.000000
v -0.097254 0.149852 0.056150
v 0.048851 0.274423 0.084611
v 0.066819 0.315947 0.115733
v 0.048851 0.274423 0.084611
v 0.066819 0.315947 0.115733
v 0.122541 0.357471 0.070749
v 0.122541 0.357471 0.070749
v 0.093572 0.652163 -0.000000
v 0.093572 0.652163 -0.000000
v 0.041947 0.633467 0.024218
v 0.041947 0.633467 0.024218
v 0.132330 0.946563 -0.000000
v 0.132330 0.946563 -0.000000
v 0.081035 0.976304 0.046786
v 0.081035 0.976304 0.046786
v 0.024218 0.995000 0.041947
v 0.024218 0.995000 0.041947
v 0.141498 0.357471 -0.000000
v 0.141498 0.357471 -0.000000
v 0.040990 0.232899 0.070996
v 0.040990 0.232899 0.070996
v 0.000000 0.191376 0.095455
v 0.000000 0.191376 0.095455
v -0.056150 0.149852 0.097255
v -0.056150 0.149852 0.097255
v -0.108196 0.115270 0.062467
v -0.124934 0.115270 -0.000000
v -0.124934 0.115270 -0.000000
v -0.108196 0.115270 0.062467
v 0.084612 0.274423 0.048850
v 0.115733 0.315947 0.066818
v 0.084612 0.274423 0.048850
v 0.115733 0.315947 0.066818
v 0.048436 0.633467 -0.000000
v 0.048436 0.633467 -0.000000
v 0.093572 0.976304 -0.000000
v 0.093572 0.976304 -0.000000
v 0.041947 0.995000 0.024218
v 0.041947 0.995000 0.024218
v 0.133637 0.315947 -0.000000
v 0.133637 0.315947 -0.000000
v 0.070996 0.232899 0.040989
v 0.070996 0.232899 0.040989
v 0.047728 0.191376 0.082666
v 0.047728 0.191376 0.082666
v 0.000000 0.149852 0.112300
v 0.000000 0.149852 0.112300
v -0.062467 0.115270 0.108196
v -0.062467 0.115270 0.108196
v -0.118970 0.093257 0.068687
v -0.137375 0.093257 -0.000000
v -0.137375 0.093257 -0.000000
v -0.118970 0.093257 0.068687
v 0.097701 0.274423 -0.000000
v 0.097701 0.274423 -0.000000
v 0.048436 0.995000 -0.000000
v 0.048436 0.995000 -0.000000
v 0.081979 0.232899 -0.000000
v 0.081979 0.232899 -0.000000
v 0.082667 0.191376 0.047727
v 0.082667 0.191376 0.047727
v 0.056150 0.149852 0.097255
v 0.056150 0.149852 0.097255
v 0.000000 0.115270 0.124934
v 0.000000 0.115270 0.124934
v -0.068687 0.093257 0.118970
v -0.068687 0.093257 0.118970
v -0.128814 0.070670 0.074371
v -0.148741 0.070670 -0.000000
v -0.148741 0.070670 -0.000000
v -0.128814 0.070670 0.074371
v 0.095455 0.191376 -0.000000
v 0.095455 0.191376 -0.000000
v 0.097255 0.149852 0.056150
v 0.097255 0.149852 0.056150
v 0.062467 0.115270 0.108196
v 0.062467 0.115270 0.108196
v 0.000000 0.093257 0.137375
v 0.000000 0.093257 0.137375
v -0.074371 0.070670 0.128814
v -0.074371 0.070670 0.128814
v -0.137704 0.047563 0.079504
v -0.159007 0.047563 -0.000000
v -0.159007 0.047563 -0.000000
v -0.137704 0.047563 0.079504
v 0.112300 0.149852 -0.000000
v 0.112300 0.149852 -0.000000
v 0.108196 0.115270 0.062467
v 0.108196 0.115270 0.062467
v 0.068688 0.093257 0.118970
v 0.068688 0.093257 0.118970
v 0.000000 0.070670 0.148742
v 0.000000 0.070670 0.148742
v -0.079504 0.047563 0.137705
v -0.079504 0.047563 0.137705
v -0.145621 0.023988 0.084075
v -0.168149 0.023988 -0.000000
v -0.168149 0.023988 -0.000000
v -0.145621 0.023988 0.084075
v 0.124934 0.115270 -0.000000
v 0.124934 0.115270 -0.000000
v 0.118970 0.093257 0.068687
v 0.118970 0.093257 0.068687
v 0.074371 0.070670 0.128814
v 0.074371 0.070670 0.128814
v 0.000000 0.047563 0.159008
v 0.000000 0.047563 0.159008
v -0.084074 0.023988 0.145621
v -0.084074 0.023988 0.145621
v -0.040873 0.000000 0.023598
v -0.047196 0.000000 0.000000
v 0.137375 0.093257 -0.000000
v 0.137375 0.093257 -0.000000
v 0.128814 0.070670 0.074371
v 0.128814 0.070670 0.074371
v 0.079504 0.047563 0.137705
v 0.079504 0.047563 0.137705
v 0.000000 0.023988 0.168149
v 0.000000 0.023988 0.168149
v -0.023598 0.000000 0.040874
v 0.148742 0.070670 -0.000000
v 0.148742 0.070670 -0.000000
v 0.137705 0.047563 0.079504
v 0.137705 0.047563 0.079504
v 0.084075 0.023988 0.145621
v 0.084075 0.023988 0.145621
v 0.000000 0.000000 0.047197
v 0.159008 0.047563 -0.000000
v 0.159008 0.047563 -0.000000
v 0.145622 0.023988 0.084075
v 0.145622 0.023988 0.084075
v 0.023599 0.000000 0.040874
v 0.168149 0.023988 -0.000000
v 0.168149 0.023988 -0.000000
v 0.040874 0.000000 0.023598
v 0.047197 -0.000000 -0.000000
v -0.066165 0.681904 0.114601
v 0.000000 0.648138 0.132330
v -0.044925 0.681904 0.120292
v -0.044925 0.681904 0.120292
v 0.000000 0.681904 0.132330
v 0.112712 0.689662 0.157280
v 0.066165 0.681904 0.114601
v 0.112712 0.689662 0.157280
v 0.081035 0.720662 0.140357
v 0.114381 0.731186 0.162070
v 0.090383 0.765797 0.156548
v 0.105001 0.772710 0.162070
v 0.093572 0.814234 0.162070
v -0.044925 0.681904 0.120292
v 0.000000 0.648138 0.132330
v -0.066165 0.681904 0.114601
v 0.000000 0.681904 0.132330
v -0.044925 0.681904 0.120292
v 0.066165 0.681904 0.114601
v 0.081035 0.720662 0.140357
v 0.114381 0.731186 0.162070
v 0.090383 0.765797 0.156548
v 0.105001 0.772710 0.162070
v 0.093572 0.814234 0.162070
v 0.156548 0.765797 0.090383
v 0.181866 0.772710 0.105000
v 0.187143 0.814234 -0.000000
v 0.210001 0.772710 -0.000000
v 0.187143 0.814234 -0.000000
v 0.181866 0.772710 0.105000
v 0.156548 0.765797 0.090383
v 0.210001 0.772710 -0.000000
v 0.093572 0.814234 0.162070
v 0.143434 0.772710 0.143433
v 0.156548 0.765797 0.090383
v 0.138064 0.731186 0.138064
v 0.156548 0.765797 0.090383
v 0.156561 0.731186 0.119567
v 0.134996 0.689662 0.134996
v 0.143434 0.772710 0.143433
v 0.093572 0.814234 0.162070
v 0.138064 0.731186 0.138064
v 0.156561 0.731186 0.119567
v 0.134996 0.689662 0.134996
v 0.171168 0.689662 -0.098824
v 0.197648 0.689662 -0.000000
v 0.165333 0.648138 -0.095455
v 0.190910 0.648138 -0.000000
v 0.197648 0.689662 -0.000000
v 0.165333 0.648138 -0.095455
v 0.190910 0.648138 -0.000000
v 0.171168 0.689662 -0.098824
v 0.139637 0.731186 -0.101070
v 0.139637 0.731186 -0.101070
v 0.098824 0.689662 -0.081035
v 0.098824 0.689662 -0.081035
v 0.161443 0.606614 -0.093209
v 0.186418 0.606614 -0.000000
v 0.161443 0.606614 -0.093209
v 0.186418 0.606614 -0.000000
v 0.202140 0.731186 -0.000000
v 0.202140 0.731186 -0.000000
v 0.095455 0.648138 -0.114601
v 0.095455 0.648138 -0.114601
v 0.160470 0.565090 -0.092647
v 0.185295 0.565090 -0.000000
v 0.160470 0.565090 -0.092647
v 0.185295 0.565090 -0.000000
v 0.210001 0.772710 -0.000000
v 0.210001 0.772710 -0.000000
v 0.000000 0.648138 -0.132330
v 0.000000 0.648138 -0.132330
v 0.093209 0.606614 -0.142298
v 0.093209 0.606614 -0.142298
v 0.145882 0.523566 -0.084225
v 0.168450 0.523566 -0.000000
v 0.145882 0.523566 -0.084225
v 0.168450 0.523566 -0.000000
v 0.198572 0.793472 -0.000000
v 0.198572 0.793472 -0.000000
v 0.092648 0.565090 -0.121639
v 0.092648 0.565090 -0.121639
v 0.134212 0.482043 -0.077487
v 0.154974 0.482043 -0.000000
v 0.134212 0.482043 -0.077487
v 0.154974 0.482043 -0.000000
v 0.156548 0.765797 -0.090383
v 0.156548 0.765797 -0.090383
v 0.000000 0.606614 -0.125229
v 0.000000 0.606614 -0.125229
v 0.000000 0.565090 -0.125229
v 0.000000 0.565090 -0.125229
v 0.084225 0.523566 -0.121639
v 0.084225 0.523566 -0.121639
v 0.127404 0.440519 -0.073556
v 0.147113 0.440519 -0.000000
v 0.127404 0.440519 -0.073556
v 0.147113 0.440519 -0.000000
v 0.187143 0.814234 -0.000000
v 0.187143 0.814234 -0.000000
v -0.093209 0.606614 -0.114419
v -0.093209 0.606614 -0.114419
v 0.077487 0.482043 -0.134211
v 0.077487 0.482043 -0.134211
v 0.123514 0.398995 -0.071310
v 0.142621 0.398995 -0.000000
v 0.123514 0.398995 -0.071310
v 0.142621 0.398995 -0.000000
v 0.073557 0.440519 -0.127404
v 0.073557 0.440519 -0.127404
v 0.156548 0.765797 -0.090383
v 0.162071 0.814234 -0.093571
v 0.187143 0.814234 -0.000000
v 0.187143 0.814234 -0.000000
v 0.162071 0.814234 -0.093571
v 0.156548 0.765797 -0.090383
v 0.187143 0.814234 -0.000000
v 0.180766 0.765797 -0.000000
v 0.180766 0.765797 -0.000000
v 0.187143 0.814234 -0.000000
v -0.116650 0.665786 -0.148049
v -0.116650 0.665786 -0.148049
v -0.092647 0.565090 -0.160470
v -0.092647 0.565090 -0.160470
v 0.000000 0.523566 -0.125229
v 0.000000 0.523566 -0.125229
v 0.122541 0.357471 -0.070749
v 0.141498 0.357471 -0.000000
v 0.122541 0.357471 -0.070749
v 0.141498 0.357471 -0.000000
v 0.071311 0.398995 -0.123513
v 0.071311 0.398995 -0.123513
v 0.000000 0.440519 -0.134211
v 0.000000 0.440519 -0.134211
v 0.090383 0.765797 -0.156548
v 0.093572 0.814234 -0.162070
v 0.090383 0.765797 -0.156548
v 0.093572 0.814234 -0.162070
v 0.156548 0.862670 -0.090383
v 0.180766 0.862670 -0.000000
v 0.156548 0.862670 -0.090383
v 0.180766 0.862670 -0.000000
v 0.140357 0.720662 -0.081035
v 0.162071 0.720662 -0.000000
v 0.140357 0.720662 -0.081035
v 0.162071 0.720662 -0.000000
v -0.112712 0.689662 -0.157280
v -0.112712 0.689662 -0.157280
v -0.165333 0.648138 -0.095455
v -0.165333 0.648138 -0.095455
v -0.126559 0.565090 -0.126559
v -0.160470 0.565090 -0.092647
v -0.126559 0.565090 -0.126559
v -0.160470 0.565090 -0.092647
v -0.084225 0.523566 -0.145882
v -0.084225 0.523566 -0.145882
v 0.000000 0.482043 -0.154974
v 0.000000 0.482043 -0.154974
v 0.115733 0.315947 -0.040989
v 0.115733 0.315947 -0.040989
v 0.070749 0.357471 -0.070996
v 0.070749 0.357471 -0.070996
v 0.000000 0.765797 -0.180766
v 0.000000 0.814234 -0.187143
v 0.000000 0.765797 -0.180766
v 0.000000 0.814234 -0.187143
v 0.081035 0.720662 -0.140357
v 0.081035 0.720662 -0.140357
v 0.090383 0.862670 -0.156548
v 0.090383 0.862670 -0.156548
v 0.140357 0.907805 -0.081035
v 0.162071 0.907805 -0.000000
v 0.140357 0.907805 -0.081035
v 0.162071 0.907805 -0.000000
v 0.114601 0.681904 -0.066165
v 0.132330 0.681904 -0.000000
v 0.114601 0.681904 -0.066165
v 0.132330 0.681904 -0.000000
v -0.171168 0.689662 -0.098824
v -0.134996 0.689662 -0.134996
v -0.171168 0.689662 -0.098824
v -0.134996 0.689662 -0.134996
v -0.161442 0.606614 -0.093209
v -0.161442 0.606614 -0.093209
v -0.115053 0.523566 -0.160470
v -0.115053 0.523566 -0.160470
v -0.077487 0.482043 -0.134211
v -0.077487 0.482043 -0.134211
v 0.133637 0.315947 -0.000000
v 0.133637 0.315947 -0.000000
v 0.000000 0.398995 -0.142621
v 0.000000 0.398995 -0.142621
v -0.090383 0.765797 -0.156548
v -0.093571 0.814234 -0.162070
v -0.090383 0.765797 -0.156548
v -0.093571 0.814234 -0.162070
v 0.000000 0.720662 -0.162070
v 0.000000 0.720662 -0.162070
v 0.000000 0.862670 -0.180766
v 0.000000 0.862670 -0.180766
v 0.066165 0.681904 -0.114601
v 0.066165 0.681904 -0.114601
v 0.081035 0.907805 -0.140357
v 0.081035 0.907805 -0.140357
v 0.114601 0.946563 -0.066165
v 0.132330 0.946563 -0.000000
v 0.114601 0.946563 -0.066165
v 0.132330 0.946563 -0.000000
v 0.093572 0.652163 -0.000000
v 0.081035 0.652163 -0.046786
v 0.093572 0.652163 -0.000000
v 0.081035 0.652163 -0.046786
v -0.114381 0.731186 -0.162070
v -0.114381 0.731186 -0.162070
v -0.156561 0.731186 -0.119567
v -0.175058 0.731186 -0.101070
v -0.156561 0.731186 -0.119567
v -0.175058 0.731186 -0.101070
v -0.197648 0.689662 -0.000000
v -0.190910 0.648138 -0.000000
v -0.197648 0.689662 -0.000000
v -0.190910 0.648138 -0.000000
v -0.186418 0.606614 -0.000000
v -0.186418 0.606614 -0.000000
v -0.185295 0.565090 -0.000000
v -0.185295 0.565090 -0.000000
v -0.145882 0.523566 -0.084225
v -0.145882 0.523566 -0.084225
v -0.105849 0.482043 -0.143029
v -0.105849 0.482043 -0.143029
v 0.097701 0.274423 -0.000000
v 0.097701 0.274423 -0.000000
v 0.066819 0.315947 -0.070996
v 0.066819 0.315947 -0.070996
v 0.000000 0.357471 -0.123513
v 0.000000 0.357471 -0.123513
v -0.071310 0.398995 -0.123513
v -0.071310 0.398995 -0.123513
v -0.073556 0.440519 -0.127404
v -0.073556 0.440519 -0.127404
v -0.093571 0.814234 -0.162070
v -0.090383 0.765797 -0.156548
v -0.156548 0.765797 -0.090383
v -0.156548 0.765797 -0.090383
v -0.090383 0.765797 -0.156548
v -0.093571 0.814234 -0.162070
v -0.081035 0.720662 -0.140357
v -0.081035 0.720662 -0.140357
v -0.090383 0.862670 -0.156548
v -0.090383 0.862670 -0.156548
v 0.044926 0.681904 -0.120292
v 0.000000 0.681904 -0.132330
v 0.000000 0.681904 -0.132330
v 0.044926 0.681904 -0.120292
v 0.000000 0.907805 -0.162070
v 0.000000 0.907805 -0.162070
v 0.046786 0.652163 -0.081035
v 0.046786 0.652163 -0.081035
v 0.066165 0.946563 -0.114601
v 0.066165 0.946563 -0.114601
v 0.093572 0.976304 -0.000000
v 0.081035 0.976304 -0.046786
v 0.093572 0.976304 -0.000000
v 0.081035 0.976304 -0.046786
v 0.048436 0.633467 -0.000000
v 0.041947 0.633467 -0.024218
v 0.048436 0.633467 -0.000000
v 0.041947 0.633467 -0.024218
v -0.138064 0.731186 -0.138064
v -0.138064 0.731186 -0.138064
v -0.181866 0.772710 -0.105000
v -0.181866 0.772710 -0.105000
v -0.202140 0.731186 -0.000000
v -0.202140 0.731186 -0.000000
v -0.168450 0.523566 -0.000000
v -0.168450 0.523566 -0.000000
v -0.100480 0.440519 -0.157796
v -0.100480 0.440519 -0.157796
v 0.084612 0.274423 -0.048850
v 0.084612 0.274423 -0.048850
v 0.000000 0.315947 -0.070996
v 0.000000 0.315947 -0.070996
v -0.156548 0.765797 -0.090383
v -0.162070 0.814234 -0.093571
v -0.162070 0.814234 -0.093571
v -0.156548 0.765797 -0.090383
v -0.081035 0.720662 -0.140357
v -0.140357 0.720662 -0.081035
v -0.140357 0.720662 -0.081035
v -0.081035 0.720662 -0.140357
v -0.066165 0.681904 -0.114601
v -0.066165 0.681904 -0.114601
v -0.156548 0.862670 -0.090383
v -0.156548 0.862670 -0.090383
v -0.081035 0.907805 -0.140357
v -0.081035 0.907805 -0.140357
v 0.044926 0.681904 -0.120292
v 0.000000 0.652163 -0.093571
v 0.000000 0.681904 -0.132330
v 0.000000 0.652163 -0.093571
v 0.044926 0.681904 -0.120292
v 0.000000 0.681904 -0.132330
v 0.000000 0.946563 -0.132330
v 0.000000 0.946563 -0.132330
v 0.024218 0.633467 -0.041947
v 0.024218 0.633467 -0.041947
v 0.046786 0.976304 -0.081035
v 0.046786 0.976304 -0.081035
v 0.048436 0.995000 -0.000000
v 0.041947 0.995000 -0.024218
v 0.048436 0.995000 -0.000000
v 0.041947 0.995000 -0.024218
v 0.000000 0.627091 -0.000000
v 0.000000 0.627091 -0.000000
v -0.105000 0.772710 -0.162070
v -0.105000 0.772710 -0.162070
v -0.156548 0.765797 -0.090383
v -0.156548 0.765797 -0.090383
v -0.210001 0.772710 -0.000000
v -0.210001 0.772710 -0.000000
v -0.134211 0.482043 -0.077487
v -0.154974 0.482043 -0.000000
v -0.134211 0.482043 -0.077487
v -0.154974 0.482043 -0.000000
v 0.070996 0.232899 -0.040989
v 0.081979 0.232899 -0.000000
v 0.070996 0.232899 -0.040989
v 0.081979 0.232899 -0.000000
v 0.000000 0.274423 -0.097701
v 0.000000 0.274423 -0.097701
v 0.048851 0.274423 -0.084611
v 0.048851 0.274423 -0.084611
v -0.070749 0.357471 -0.122541
v -0.070749 0.357471 -0.122541
v -0.097412 0.398995 -0.127404
v -0.097412 0.398995 -0.127404
v -0.187143 0.814234 -0.000000
v -0.187143 0.814234 -0.000000
v -0.180766 0.765797 -0.000000
v -0.162070 0.720662 -0.000000
v -0.180766 0.765797 -0.000000
v -0.162070 0.720662 -0.000000
v -0.066165 0.681904 -0.114601
v -0.114601 0.681904 -0.066165
v -0.114601 0.681904 -0.066165
v -0.066165 0.681904 -0.114601
v -0.046785 0.652163 -0.081035
v -0.046785 0.652163 -0.081035
v -0.180766 0.862670 -0.000000
v -0.180766 0.862670 -0.000000
v -0.140357 0.907805 -0.081035
v -0.140357 0.907805 -0.081035
v -0.066165 0.946563 -0.114601
v -0.066165 0.946563 -0.114601
v 0.000000 0.633467 -0.048436
v 0.000000 0.633467 -0.048436
v 0.000000 0.976304 -0.093571
v 0.000000 0.976304 -0.093571
v 0.024218 0.995000 -0.041947
v 0.024218 0.995000 -0.041947
v 0.000000 1.001376 -0.000000
v 0.000000 1.001376 -0.000000
v -0.143433 0.772710 -0.143433
v -0.143433 0.772710 -0.143433
v -0.127403 0.440519 -0.073556
v -0.147113 0.440519 0.000000
v -0.127403 0.440519 -0.073556
v -0.147113 0.440519 0.000000
v 0.040990 0.232899 -0.070996
v 0.040990 0.232899 -0.070996
v 0.082667 0.191376 -0.047727
v 0.095455 0.191376 -0.000000
v 0.095455 0.191376 -0.000000
v 0.082667 0.191376 -0.047727
v -0.033409 0.315947 -0.124685
v -0.033409 0.315947 -0.124685
v -0.187143 0.814234 -0.000000
v -0.187143 0.814234 -0.000000
v -0.132330 0.681904 -0.000000
v -0.132330 0.681904 -0.000000
v -0.081035 0.652163 -0.046786
v -0.081035 0.652163 -0.046786
v -0.024218 0.633467 -0.041947
v -0.024218 0.633467 -0.041947
v -0.162070 0.907805 -0.000000
v -0.162070 0.907805 -0.000000
v -0.114601 0.946563 -0.066165
v -0.114601 0.946563 -0.066165
v -0.046785 0.976304 -0.081035
v -0.046785 0.976304 -0.081035
v 0.000000 0.995000 -0.048436
v 0.000000 0.995000 -0.048436
v -0.093571 0.814234 -0.162070
v -0.093571 0.814234 -0.162070
v -0.123513 0.398995 -0.071310
v -0.142621 0.398995 0.000000
v -0.123513 0.398995 -0.071310
v -0.142621 0.398995 0.000000
v 0.000000 0.232899 -0.081979
v 0.000000 0.232899 -0.081979
v 0.047728 0.191376 -0.082666
v 0.047728 0.191376 -0.082666
v 0.097255 0.149852 -0.056150
v 0.112300 0.149852 -0.000000
v 0.112300 0.149852 -0.000000
v 0.097255 0.149852 -0.056150
v -0.048850 0.274423 -0.084611
v -0.066818 0.315947 -0.115733
v -0.048850 0.274423 -0.084611
v -0.066818 0.315947 -0.115733
v -0.122541 0.357471 -0.070749
v -0.122541 0.357471 -0.070749
v -0.093571 0.652163 -0.000000
v -0.093571 0.652163 -0.000000
v -0.041947 0.633467 -0.024218
v -0.041947 0.633467 -0.024218
v -0.132330 0.946563 -0.000000
v -0.132330 0.946563 -0.000000
v -0.081035 0.976304 -0.046786
v -0.081035 0.976304 -0.046786
v -0.024218 0.995000 -0.041947
v -0.024218 0.995000 -0.041947
v -0.141498 0.357471 0.000000
v -0.141498 0.357471 0.000000
v -0.040989 0.232899 -0.070996
v -0.040989 0.232899 -0.070996
v 0.000000 0.191376 -0.095455
v 0.000000 0.191376 -0.095455
v 0.056150 0.149852 -0.097255
v 0.056150 0.149852 -0.097255
v 0.108196 0.115270 -0.062467
v 0.124934 0.115270 0.000000
v 0.124934 0.115270 0.000000
v 0.108196 0.115270 -0.062467
v -0.084611 0.274423 -0.048850
v -0.115733 0.315947 -0.066818
v -0.084611 0.274423 -0.048850
v -0.115733 0.315947 -0.066818
v -0.048436 0.633467 -0.000000
v -0.048436 0.633467 -0.000000
v -0.093571 0.976304 -0.000000
v -0.093571 0.976304 -0.000000
v -0.041947 0.995000 -0.024218
v -0.041947 0.995000 -0.024218
v -0.133637 0.315947 0.000000
v -0.133637 0.315947 0.000000
v -0.070996 0.232899 -0.040989
v -0.070996 0.232899 -0.040989
v -0.047727 0.191376 -0.082666
v -0.047727 0.191376 -0.082666
v 0.000000 0.149852 -0.112300
v 0.000000 0.149852 -0.112300
v 0.062467 0.115270 -0.108196
v 0.062467 0.115270 -0.108196
v 0.118970 0.093257 -0.068687
v 0.137375 0.093257 0.000000
v 0.137375 0.093257 0.000000
v 0.118970 0.093257 -0.068687
v -0.097701 0.274423 0.000000
v -0.097701 0.274423 0.000000
v -0.048436 0.995000 -0.000000
v -0.048436 0.995000 -0.000000
v -0.081979 0.232899 0.000000
v -0.081979 0.232899 0.000000
v -0.082666 0.191376 -0.047727
v -0.082666 0.191376 -0.047727
v -0.056150 0.149852 -0.097255
v -0.056150 0.149852 -0.097255
v 0.000000 0.115270 -0.124934
v 0.000000 0.115270 -0.124934
v 0.068688 0.093257 -0.118970
v 0.068688 0.093257 -0.118970
v 0.128814 0.070670 -0.074371
v 0.148742 0.070670 0.000000
v 0.148742 0.070670 0.000000
v 0.128814 0.070670 -0.074371
v -0.095455 0.191376 0.000000
v -0.095455 0.191376 0.000000
v -0.097254 0.149852 -0.056150
v -0.097254 0.149852 -0.056150
v -0.062467 0.115270 -0.108196
v -0.062467 0.115270 -0.108196
v 0.000000 0.093257 -0.137375
v 0.000000 0.093257 -0.137375
v 0.074371 0.070670 -0.128814
v 0.074371 0.070670 -0.128814
v 0.137705 0.047563 -0.079504
v 0.159008 0.047563 0.000000
v 0.159008 0.047563 0.000000
v 0.137705 0.047563 -0.079504
v -0.112300 0.149852 0.000000
v -0.112300 0.149852 0.000000
v -0.108196 0.115270 -0.062467
v -0.108196 0.115270 -0.062467
v -0.068687 0.093257 -0.118970
v -0.068687 0.093257 -0.118970
v 0.000000 0.070670 -0.148742
v 0.000000 0.070670 -0.148742
v 0.079504 0.047563 -0.137705
v 0.079504 0.047563 -0.137705
v 0.145622 0.023988 -0.084075
v 0.168149 0.023988 0.000000
v 0.168149 0.023988 0.000000
v 0.145622 0.023988 -0.084075
v -0.124934 0.115270 0.000000
v -0.124934 0.115270 0.000000
v -0.118970 0.093257 -0.068687
v -0.118970 0.093257 -0.068687
v -0.074371 0.070670 -0.128814
v -0.074371 0.070670 -0.128814
v 0.000000 0.047563 -0.159008
v 0.000000 0.047563 -0.159008
v 0.084075 0.023988 -0.145621
v 0.084075 0.023988 -0.145621
v 0.040874 -0.000000 -0.023598
v -0.137375 0.093257 0.000000
v -0.137375 0.093257 0.000000
v -0.128814 0.070670 -0.074371
v -0.128814 0.070670 -0.074371
v -0.079504 0.047563 -0.137705
v -0.079504 0.047563 -0.137705
v 0.000000 0.023988 -0.168149
v 0.000000 0.023988 -0.168149
v 0.023599 -0.000000 -0.040873
v -0.148741 0.070670 0.000000
v -0.148741 0.070670 0.000000
v -0.137704 0.047563 -0.079504
v -0.137704 0.047563 -0.079504
v -0.084074 0.023988 -0.145621
v -0.084074 0.023988 -0.145621
v 0.000000 -0.000000 -0.047197
v -0.159007 0.047563 0.000000
v -0.159007 0.047563 0.000000
v -0.145621 0.023988 -0.084075
v -0.145621 0.023988 -0.084075
v -0.023598 -0.000000 -0.040873
v -0.168149 0.023988 0.000000
v -0.168149 0.023988 0.000000
v -0.040873 -0.000000 -0.023598
v 0.066165 0.681904 -0.114601
v 0.000000 0.648138 -0.132330
v 0.044926 0.681904 -0.120292
v 0.044926 0.681904 -0.120292
v 0.000000 0.681904 -0.132330
v -0.112712 0.689662 -0.157280
v -0.066165 0.681904 -0.114601
v -0.112712 0.689662 -0.157280
v -0.081035 0.720662 -0.140357
v -0.114381 0.731186 -0.162070
v -0.090383 0.765797 -0.156548
v -0.105000 0.772710 -0.162070
v -0.093571 0.814234 -0.162070
v 0.044926 0.681904 -0.120292
v 0.000000 0.648138 -0.132330
v 0.066165 0.681904 -0.114601
v 0.000000 0.681904 -0.132330
v 0.044926 0.681904 -0.120292
v -0.066165 0.681904 -0.114601
v -0.081035 0.720662 -0.140357
v -0.114381 0.731186 -0.162070
v -0.090383 0.765797 -0.156548
v -0.105000 0.772710 -0.162070
v -0.093571 0.814234 -0.162070
v -0.156548 0.765797 -0.090383
v -0.181866 0.772710 -0.105000
v -0.187143 0.814234 -0.000000
v -0.210001 0.772710 -0.000000
v -0.187143 0.814234 -0.000000
v -0.181866 0.772710 -0.105000
v -0.156548 0.765797 -0.090383
v -0.210001 0.772710 -0.000000
v -0.093571 0.814234 -0.162070
v -0.143433 0.772710 -0.143433
v -0.156548 0.765797 -0.090383
v -0.138064 0.731186 -0.138064
v -0.156548 0.765797 -0.090383
v -0.156561 0.731186 -0.119567
v -0.134996 0.689662 -0.134996
v -0.143433 0.772710 -0.143433
v -0.093571 0.814234 -0.162070
v -0.138064 0.731186 -0.138064
v -0.156561 0.731186 -0.119567
v -0.134996 0.689662 -0.134996
v 0.088073 0.000000 0.152546
v 0.152546 0.000000 0.088073
v -0.088072 0.000000 0.152546
v 0.000000 0.000000 0.176145
v 0.152546 -0.000000 -0.088073
v 0.088073 -0.000000 -0.152546
v -0.088072 -0.000000 -0.152546
v 0.176145 0.000000 0.000000
v -0.152546 -0.000000 -0.088072
v -0.152546 0.000000 0.088073
v 0.000000 -0.000000 -0.176145
v -0.176145 0.000000 0.000000
v 0.063944 0.000000 0.110755
v 0.110755 0.000000 0.063944
v -0.063944 0.000000 0.110755
v 0.000000 0.000000 0.127888
v 0.110755 -0.000000 -0.063944
v 0.063944 -0.000000 -0.110755
v 0.127889 -0.000000 -0.000000
v -0.063944 -0.000000 -0.110755
v -0.110754 -0.000000 -0.063944
v -0.127888 0.000000 0.000000
v -0.110754 0.000000 0.063944
v 0.000000 -0.000000 -0.127888
v 0.000000 0.000000 0.000000
vn 0.9543 0.1548 -0.2557
vn -0.9543 -0.1548 0.2557
vn 0.7841 -0.5840 -0.2101
vn -0.7841 0.5840 0.2101
vn -0.2385 0.0452 -0.9701
vn 0.2385 -0.0452 0.9701
vn 0.9607 0.1039 -0.2574
vn -0.9607 -0.1039 0.2574
vn -0.2325 0.2277 -0.9456
vn 0.2325 -0.2277 0.9456
vn 0.8469 0.0916 -0.5238
vn -0.8469 -0.0916 0.5238
vn 0.2106 -0.6042 -0.7685
vn -0.2106 0.6042 0.7685
vn 0.2635 0.0767 -0.9616
vn -0.2635 -0.0767 0.9616
vn 0.9656 0.0261 -0.2587
vn -0.9656 -0.0261 0.2587
vn 0.8397 0.1590 -0.5193
vn -0.8397 -0.1590 0.5193
vn 0.1440 -0.6150 -0.7753
vn -0.1440 0.6150 0.7753
vn 0.5203 -0.4542 -0.7232
vn -0.5203 0.4542 0.7232
vn 0.5838 0.0246 -0.8115
vn -0.5838 -0.0246 0.8115
vn 0.8993 0.3648 -0.2410
vn -0.8993 -0.3648 0.2410
vn 0.6814 -0.3751 -0.6285
vn -0.6814 0.3751 0.6285
vn 0.1534 -0.5426 -0.8259
vn -0.1534 0.5426 0.8259
vn 0.3567 0.4200 -0.8345
vn -0.3567 -0.4200 0.8345
vn 0.3738 0.3087 -0.8746
vn -0.3738 -0.3087 0.8746
vn 0.9217 0.2991 -0.2470
vn -0.9217 -0.2991 0.2470
vn 0.8886 0.3386 -0.3095
vn -0.8886 -0.3386 0.3095
vn -0.1776 0.1659 -0.9700
vn 0.1776 -0.1659 0.9700
vn 0.0347 0.4456 -0.8946
vn -0.0347 -0.4456 0.8946
vn 0.5159 0.1046 -0.8502
vn -0.5159 -0.1046 0.8502
vn 0.4990 0.2737 -0.8223
vn -0.4990 -0.2737 0.8223
vn 0.9502 0.1799 -0.2546
vn -0.9502 -0.1799 0.2546
vn 0.7660 -0.4217 -0.4853
vn -0.7660 0.4217 0.4853
vn -0.1136 0.1675 -0.9793
vn 0.1136 -0.1675 0.9793
vn -0.1801 -0.0000 -0.9836
vn 0.1801 -0.0000 0.9836
vn 0.0387 0.0079 -0.9992
vn -0.0387 -0.0079 0.9992
vn 0.7036 -0.0989 -0.7036
vn -0.7036 0.0989 0.7036
vn 0.6956 0.1799 -0.6956
vn -0.6956 -0.1799 0.6956
vn 0.9582 0.1262 -0.2568
vn -0.9582 -0.1262 0.2568
vn 0.0455 0.4799 -0.8761
vn -0.0455 -0.4799 0.8761
vn -0.0775 -0.7400 -0.6682
vn 0.0775 0.7400 0.6682
vn 0.3555 -0.0000 -0.9347
vn -0.3555 -0.0000 0.9347
vn 0.0426 -0.0000 -0.9991
vn -0.0426 -0.0000 0.9991
vn 0.0408 -0.2835 -0.9581
vn -0.0408 0.2835 0.9581
vn 0.7033 0.1039 -0.7033
vn -0.7033 -0.1039 0.7033
vn 0.0908 0.1695 -0.9813
vn -0.0908 -0.1695 0.9813
vn 0.7015 0.1262 -0.7015
vn -0.7015 -0.1262 0.7015
vn 0.9582 -0.1262 -0.2568
vn -0.9582 0.1262 0.2568
vn 0.8968 0.3715 -0.2403
vn -0.8968 -0.3715 0.2403
vn 0.0689 0.3696 -0.9266
vn -0.0689 -0.3696 0.9266
vn -0.4994 0.5691 -0.6532
vn 0.4994 -0.5691 0.6532
vn -0.5590 -0.6124 -0.5590
vn 0.5590 0.6124 0.5590
vn 0.3444 0.2482 -0.9054
vn -0.3444 -0.2482 0.9054
vn 0.2382 -0.0000 -0.9712
vn -0.2382 -0.0000 0.9712
vn 0.2128 -0.5690 -0.7943
vn -0.2128 0.5690 0.7943
vn 0.9134 0.3252 -0.2448
vn -0.9134 -0.3252 0.2448
vn 0.0048 0.0136 -0.9999
vn -0.0048 -0.0136 0.9999
vn 0.5246 0.6706 -0.5246
vn -0.5246 -0.6706 0.5246
vn 0.0917 0.0978 -0.9910
vn -0.0917 -0.0978 0.9910
vn 0.2331 0.4349 -0.8698
vn -0.2331 -0.4349 0.8698
vn 0.2568 0.1262 -0.9582
vn -0.2568 -0.1262 0.9582
vn 0.6565 0.3715 -0.6565
vn -0.6565 -0.3715 0.6565
vn 0.7015 -0.1262 -0.7015
vn -0.7015 0.1262 0.7015
vn 0.8968 -0.3715 -0.2403
vn -0.8968 0.3715 0.2403
vn 0.7760 0.5955 -0.2079
vn -0.7760 -0.5955 0.2079
vn -0.6986 0.1548 -0.6986
vn -0.0000 0.7071 0.7071
vn -0.0000 -1.0000 -0.0000
vn 0.6986 -0.1548 0.6986
vn -0.2959 0.0792 -0.9519
vn 0.2959 -0.0792 0.9519
vn -0.2968 0.0199 -0.9547
vn 0.2968 -0.0199 0.9547
vn -0.6607 -0.3565 -0.6607
vn 0.6607 0.3565 0.6607
vn 0.4168 0.2249 -0.8808
vn -0.4168 -0.2249 0.8808
vn 0.2319 0.2281 -0.9456
vn -0.2319 -0.2281 0.9456
vn -0.2128 -0.5690 -0.7943
vn 0.2128 0.5690 0.7943
vn 0.9029 0.1709 -0.3944
vn -0.9029 -0.1709 0.3944
vn 0.0039 0.5829 -0.8125
vn -0.0039 -0.5829 0.8125
vn 0.1637 0.7747 -0.6108
vn -0.1637 -0.7747 0.6108
vn 0.2540 -0.1920 -0.9480
vn -0.2540 0.1920 0.9480
vn -0.2331 0.4349 -0.8698
vn 0.2331 -0.4349 0.8698
vn -0.2568 0.1262 -0.9582
vn 0.2568 -0.1262 0.9582
vn 0.2403 0.3715 -0.8968
vn -0.2403 -0.3715 0.8968
vn 0.2568 -0.1262 -0.9582
vn -0.2568 0.1262 0.9582
vn 0.5681 0.5955 -0.5681
vn -0.5681 -0.5955 0.5681
vn 0.6565 -0.3715 -0.6565
vn -0.6565 0.3715 0.6565
vn 0.7760 -0.5955 -0.2079
vn -0.7760 0.5955 0.2079
vn 0.6008 0.7830 -0.1610
vn -0.6008 -0.7830 0.1610
vn -0.7029 0.1093 -0.7029
vn 0.7029 -0.1093 0.7029
vn -0.7033 0.1039 -0.7033
vn 0.7033 -0.1039 0.7033
vn -0.9543 0.1548 -0.2557
vn 0.9543 -0.1548 0.2557
vn -0.9607 0.1039 -0.2574
vn 0.9607 -0.1039 0.2574
vn -0.9656 0.0261 -0.2587
vn 0.9656 -0.0261 0.2587
vn -0.8603 0.3728 -0.3478
vn 0.8603 -0.3728 0.3478
vn 0.4114 0.2740 -0.8693
vn -0.4114 -0.2740 0.8693
vn 0.2899 0.2151 -0.9326
vn -0.2899 -0.2151 0.9326
vn 0.7180 0.6214 -0.3136
vn -0.7180 -0.6214 0.3136
vn 0.5223 0.0494 -0.8514
vn -0.5223 -0.0494 0.8514
vn 0.5591 0.3466 -0.7532
vn -0.5591 -0.3466 0.7532
vn -0.2540 -0.1920 -0.9480
vn 0.2540 0.1920 0.9480
vn -0.0908 0.1695 -0.9813
vn 0.0908 -0.1695 0.9813
vn -0.7015 0.1262 -0.7015
vn 0.7015 -0.1262 0.7015
vn -0.2403 0.3715 -0.8968
vn 0.2403 -0.3715 0.8968
vn -0.2568 -0.1262 -0.9582
vn 0.2568 0.1262 0.9582
vn 0.2079 0.5955 -0.7760
vn -0.2079 -0.5955 0.7760
vn 0.2403 -0.3715 -0.8968
vn -0.2403 0.3715 0.8968
vn 0.4398 0.7830 -0.4398
vn -0.4398 -0.7830 0.4398
vn 0.5681 -0.5955 -0.5681
vn -0.5681 0.5955 0.5681
vn 0.6008 -0.7830 -0.1610
vn -0.6008 0.7830 0.1610
vn 0.3807 0.9191 -0.1020
vn -0.3807 -0.9191 0.1020
vn -0.7080 0.1039 -0.6985
vn 0.7080 -0.1039 0.6985
vn -0.6956 0.1799 -0.6956
vn 0.6956 -0.1799 0.6956
vn -0.8993 0.3648 -0.2410
vn 0.8993 -0.3648 0.2410
vn -0.8715 0.3412 -0.3524
vn 0.8715 -0.3412 0.3524
vn 0.2777 -0.3536 -0.8932
vn -0.2777 0.3536 0.8932
vn 0.8006 0.5594 -0.2145
vn -0.8006 -0.5594 0.2145
vn -0.0000 -0.0000 -1.0000
vn -0.0000 -0.0000 1.0000
vn 0.5095 0.2246 -0.8306
vn -0.5095 -0.2246 0.8306
vn -0.2365 0.4062 -0.8827
vn 0.2365 -0.4062 0.8827
vn 0.4182 0.7125 -0.5634
vn -0.4182 -0.7125 0.5634
vn -0.0917 0.0978 -0.9910
vn 0.0917 -0.0978 0.9910
vn 0.7480 0.0378 -0.6626
vn -0.7480 -0.0378 0.6626
vn -0.6565 0.3715 -0.6565
vn 0.6565 -0.3715 0.6565
vn -0.2079 0.5955 -0.7760
vn 0.2079 -0.5955 0.7760
vn -0.7015 -0.1262 -0.7015
vn 0.7015 0.1262 0.7015
vn -0.2403 -0.3715 -0.8968
vn 0.2403 0.3715 0.8968
vn 0.1610 0.7830 -0.6008
vn -0.1610 -0.7830 0.6008
vn 0.2079 -0.5955 -0.7760
vn -0.2079 0.5955 0.7760
vn 0.2787 0.9191 -0.2787
vn -0.2787 -0.9191 0.2787
vn 0.4398 -0.7830 -0.4398
vn -0.4398 0.7830 0.4398
vn 0.3807 -0.9191 -0.1020
vn -0.3807 0.9191 0.1020
vn 0.1304 0.9908 -0.0350
vn -0.1304 -0.9908 0.0350
vn -0.7029 -0.1588 -0.6934
vn 0.7029 0.1588 0.6934
vn 0.5253 -0.5484 -0.6506
vn -0.5253 0.5484 0.6506
vn -0.9502 0.1799 -0.2546
vn 0.9502 -0.1799 0.2546
vn -0.9217 0.2991 -0.2470
vn 0.9217 -0.2991 0.2470
vn -0.8735 0.3068 -0.3780
vn 0.8735 -0.3068 0.3780
vn -0.9175 -0.0226 -0.3970
vn 0.9175 0.0226 0.3970
vn 0.9072 0.3435 -0.2431
vn -0.9072 -0.3435 0.2431
vn -0.0000 -0.5409 -0.8411
vn -0.0000 0.5409 0.8411
vn 0.7052 0.0739 -0.7052
vn -0.7052 -0.0739 0.7052
vn -0.0137 0.0236 -0.9996
vn 0.0137 -0.0236 0.9996
vn -0.0085 0.7844 -0.6202
vn 0.0085 -0.7844 0.6202
vn 0.1469 0.0844 -0.9855
vn -0.1469 -0.0844 0.9855
vn 0.6876 0.3950 -0.6092
vn -0.6876 -0.3950 0.6092
vn -0.9582 0.1262 -0.2568
vn 0.9582 -0.1262 0.2568
vn -0.8968 0.3715 -0.2403
vn 0.8968 -0.3715 0.2403
vn -0.5681 0.5955 -0.5681
vn 0.5681 -0.5955 0.5681
vn -0.1610 0.7830 -0.6008
vn 0.1610 -0.7830 0.6008
vn -0.9582 -0.1262 -0.2568
vn 0.9582 0.1262 0.2568
vn -0.6565 -0.3715 -0.6565
vn 0.6565 0.3715 0.6565
vn -0.2079 -0.5955 -0.7760
vn 0.2079 0.5955 0.7760
vn 0.1020 0.9191 -0.3807
vn -0.1020 -0.9191 0.3807
vn 0.1610 -0.7830 -0.6008
vn -0.1610 0.7830 0.6008
vn 0.0955 0.9908 -0.0955
vn -0.0955 -0.9908 0.0955
vn 0.2787 -0.9191 -0.2787
vn -0.2787 0.9191 0.2787
vn 0.1304 -0.9908 -0.0350
vn -0.1304 0.9908 0.0350
vn -0.4300 0.1702 -0.8867
vn 0.4300 -0.1702 0.8867
vn -0.9366 0.1819 -0.2994
vn 0.9366 -0.1819 0.2994
vn 0.6641 0.3435 -0.6641
vn -0.6641 -0.3435 0.6641
vn 0.9217 -0.2991 -0.2470
vn -0.9217 0.2991 0.2470
vn 0.8039 -0.3217 -0.5002
vn -0.8039 0.3217 0.5002
vn 0.2536 -0.2006 -0.9463
vn -0.2536 0.2006 0.9463
vn 0.1474 0.0212 -0.9889
vn -0.1474 -0.0212 0.9889
vn 0.6660 -0.6203 -0.4144
vn -0.6660 0.6203 0.4144
vn -0.9141 0.2814 -0.2921
vn 0.9141 -0.2814 0.2921
vn -0.7760 0.5955 -0.2079
vn 0.7760 -0.5955 0.2079
vn -0.4398 0.7830 -0.4398
vn 0.4398 -0.7830 0.4398
vn -0.1020 0.9191 -0.3807
vn 0.1020 -0.9191 0.3807
vn -0.8968 -0.3715 -0.2403
vn 0.8968 0.3715 0.2403
vn -0.5681 -0.5955 -0.5681
vn 0.5681 0.5955 0.5681
vn -0.1610 -0.7830 -0.6008
vn 0.1610 0.7830 0.6008
vn 0.0350 0.9908 -0.1304
vn -0.0350 -0.9908 0.1304
vn 0.1020 -0.9191 -0.3807
vn -0.1020 0.9191 0.3807
vn 0.0955 -0.9908 -0.0955
vn -0.0955 0.9908 0.0955
vn -0.4332 -0.1192 -0.8934
vn 0.4332 0.1192 0.8934
vn 0.2431 0.3435 -0.9072
vn -0.2431 -0.3435 0.9072
vn 0.6747 -0.2991 -0.6747
vn -0.6747 0.2991 0.6747
vn 0.8993 -0.3648 -0.2410
vn -0.8993 0.3648 0.2410
vn -0.1986 0.6414 -0.7411
vn 0.1986 -0.6414 0.7411
vn -0.6230 0.4730 -0.6230
vn 0.6230 -0.4730 0.6230
vn -0.2546 0.1799 -0.9502
vn 0.2546 -0.1799 0.9502
vn -0.9014 0.1071 -0.4195
vn 0.9014 -0.1071 0.4195
vn -0.6008 0.7830 -0.1610
vn 0.6008 -0.7830 0.1610
vn -0.2787 0.9191 -0.2787
vn 0.2787 -0.9191 0.2787
vn -0.0350 0.9908 -0.1304
vn 0.0350 -0.9908 0.1304
vn -0.7760 -0.5955 -0.2079
vn 0.7760 0.5955 0.2079
vn -0.4398 -0.7830 -0.4398
vn 0.4398 0.7830 0.4398
vn -0.1020 -0.9191 -0.3807
vn 0.1020 0.9191 0.3807
vn 0.0350 -0.9908 -0.1304
vn -0.0350 0.9908 0.1304
vn -0.2431 0.3435 -0.9072
vn 0.2431 -0.3435 0.9072
vn 0.2470 -0.2991 -0.9217
vn -0.2470 0.2991 0.9217
vn 0.6584 -0.3648 -0.6584
vn -0.6584 0.3648 0.6584
vn 0.9109 -0.3328 -0.2441
vn -0.9109 0.3328 0.2441
vn -0.5425 0.6414 -0.5425
vn 0.5425 -0.6414 0.5425
vn -0.9063 0.0269 -0.4217
vn 0.9063 -0.0269 0.4217
vn -0.3807 0.9191 -0.1020
vn 0.3807 -0.9191 0.1020
vn -0.0955 0.9908 -0.0955
vn 0.0955 -0.9908 0.0955
vn -0.6008 -0.7830 -0.1610
vn 0.6008 0.7830 0.1610
vn -0.2787 -0.9191 -0.2787
vn 0.2787 0.9191 0.2787
vn -0.0350 -0.9908 -0.1304
vn 0.0350 0.9908 0.1304
vn -0.6641 0.3435 -0.6641
vn 0.6641 -0.3435 0.6641
vn -0.2470 -0.2991 -0.9217
vn 0.2470 0.2991 0.9217
vn 0.2410 -0.3648 -0.8993
vn -0.2410 0.3648 0.8993
vn 0.6668 -0.3328 -0.6668
vn -0.6668 0.3328 0.6668
vn 0.8478 -0.4792 -0.2272
vn -0.8478 0.4792 0.2272
vn -0.7411 0.6414 -0.1986
vn 0.7411 -0.6414 0.1986
vn -0.1304 0.9908 -0.0350
vn 0.1304 -0.9908 0.0350
vn -0.3807 -0.9191 -0.1020
vn 0.3807 0.9191 0.1020
vn -0.0955 -0.9908 -0.0955
vn 0.0955 0.9908 0.0955
vn -0.9072 0.3435 -0.2431
vn 0.9072 -0.3435 0.2431
vn -0.6747 -0.2991 -0.6747
vn 0.6747 0.2991 0.6747
vn -0.2410 -0.3648 -0.8993
vn 0.2410 0.3648 0.8993
vn 0.2441 -0.3328 -0.9109
vn -0.2441 0.3328 0.9109
vn 0.6206 -0.4792 -0.6206
vn -0.6206 0.4792 0.6206
vn 0.8687 -0.4372 -0.2328
vn -0.8687 0.4372 0.2328
vn -0.1304 -0.9908 -0.0350
vn 0.1304 0.9908 0.0350
vn -0.9217 -0.2991 -0.2470
vn 0.9217 0.2991 0.2470
vn -0.6584 -0.3648 -0.6584
vn 0.6584 0.3648 0.6584
vn -0.2441 -0.3328 -0.9109
vn 0.2441 0.3328 0.9109
vn 0.2272 -0.4792 -0.8478
vn -0.2272 0.4792 0.8478
vn 0.6360 -0.4372 -0.6360
vn -0.6360 0.4372 0.6360
vn 0.8876 -0.3944 -0.2378
vn -0.8876 0.3944 0.2378
vn -0.8993 -0.3648 -0.2410
vn 0.8993 0.3648 0.2410
vn -0.6668 -0.3328 -0.6668
vn 0.6668 0.3328 0.6668
vn -0.2272 -0.4792 -0.8478
vn 0.2272 0.4792 0.8478
vn 0.2328 -0.4372 -0.8687
vn -0.2328 0.4372 0.8687
vn 0.6498 -0.3944 -0.6498
vn -0.6498 0.3944 0.6498
vn 0.9046 -0.3508 -0.2424
vn -0.9046 0.3508 0.2424
vn -0.9109 -0.3328 -0.2441
vn 0.9109 0.3328 0.2441
vn -0.6206 -0.4792 -0.6206
vn 0.6206 0.4792 0.6206
vn -0.2328 -0.4372 -0.8687
vn 0.2328 0.4372 0.8687
vn 0.2378 -0.3944 -0.8876
vn -0.2378 0.3944 0.8876
vn 0.6622 -0.3508 -0.6622
vn -0.6622 0.3508 0.6622
vn 0.9194 -0.3065 -0.2464
vn -0.9194 0.3065 0.2464
vn -0.8478 -0.4792 -0.2272
vn 0.8478 0.4792 0.2272
vn -0.6360 -0.4372 -0.6360
vn 0.6360 0.4372 0.6360
vn -0.2378 -0.3944 -0.8876
vn 0.2378 0.3944 0.8876
vn 0.2424 -0.3508 -0.9046
vn -0.2424 0.3508 0.9046
vn 0.6731 -0.3065 -0.6731
vn -0.8687 -0.4372 -0.2328
vn 0.8687 0.4372 0.2328
vn -0.6498 -0.3944 -0.6498
vn 0.6498 0.3944 0.6498
vn -0.2424 -0.3508 -0.9046
vn 0.2424 0.3508 0.9046
vn 0.2464 -0.3065 -0.9194
vn -0.2464 0.3065 0.9194
vn -0.8876 -0.3944 -0.2378
vn 0.8876 0.3944 0.2378
vn -0.6622 -0.3508 -0.6622
vn 0.6622 0.3508 0.6622
vn -0.2464 -0.3065 -0.9194
vn 0.2464 0.3065 0.9194
vn -0.9046 -0.3508 -0.2424
vn 0.9046 0.3508 0.2424
vn -0.6731 -0.3065 -0.6731
vn 0.6731 0.3065 0.6731
vn -0.9194 -0.3065 -0.2464
vn 0.9194 0.3065 0.2464
vn 0.2588 -0.0000 -0.9659
vn 0.2161 -0.0000 -0.9764
vn 0.0373 -0.9896 0.1392
vn 0.6326 0.2454 -0.7346
vn 0.5270 0.0765 -0.8464
vn 0.4884 0.2033 -0.8486
vn 0.3222 0.0728 -0.9439
vn 0.3158 0.0869 -0.9448
vn -0.2588 -0.0000 0.9659
vn -0.2161 -0.0000 0.9764
vn -0.0373 0.9896 -0.1392
vn -0.6326 -0.2454 0.7346
vn -0.5270 -0.0765 0.8464
vn -0.4884 -0.2033 0.8486
vn -0.3222 -0.0728 0.9439
vn -0.3158 -0.0869 0.9448
vn 0.4155 -0.8528 -0.3164
vn -0.8529 -0.4695 -0.2285
vn -0.4155 0.8528 0.3164
vn 0.8529 0.4695 0.2285
vn -0.6524 -0.7552 -0.0629
vn -0.9539 0.1565 -0.2562
vn -0.6073 -0.5123 -0.6073
vn 0.6524 0.7552 0.0629
vn 0.9539 -0.1565 0.2562
vn 0.6073 0.5123 0.6073
vn -0.9543 0.1548 0.2557
vn 0.9543 -0.1548 -0.2557
vn -0.7841 -0.5840 0.2101
vn 0.7841 0.5840 -0.2101
vn 0.2385 0.0452 0.9701
vn -0.2385 -0.0452 -0.9701
vn -0.9607 0.1039 0.2574
vn 0.9607 -0.1039 -0.2574
vn 0.2325 0.2277 0.9456
vn -0.2325 -0.2277 -0.9456
vn -0.8469 0.0916 0.5238
vn 0.8469 -0.0916 -0.5238
vn -0.2106 -0.6042 0.7685
vn 0.2106 0.6042 -0.7685
vn -0.2635 0.0767 0.9616
vn 0.2635 -0.0767 -0.9616
vn -0.9656 0.0261 0.2587
vn 0.9656 -0.0261 -0.2587
vn -0.8397 0.1590 0.5193
vn 0.8397 -0.1590 -0.5193
vn -0.1440 -0.6150 0.7753
vn 0.1440 0.6150 -0.7753
vn -0.5203 -0.4542 0.7232
vn 0.5203 0.4542 -0.7232
vn -0.5838 0.0246 0.8115
vn 0.5838 -0.0246 -0.8115
vn -0.6814 -0.3751 0.6285
vn 0.6814 0.3751 -0.6285
vn -0.1534 -0.5426 0.8259
vn 0.1534 0.5426 -0.8259
vn -0.3567 0.4200 0.8345
vn 0.3567 -0.4200 -0.8345
vn -0.3738 0.3087 0.8746
vn 0.3738 -0.3087 -0.8746
vn -0.8886 0.3386 0.3095
vn 0.8886 -0.3386 -0.3095
vn 0.1776 0.1659 0.9700
vn -0.1776 -0.1659 -0.9700
vn -0.0347 0.4456 0.8946
vn 0.0347 -0.4456 -0.8946
vn -0.5159 0.1046 0.8502
vn 0.5159 -0.1046 -0.8502
vn -0.4990 0.2737 0.8223
vn 0.4990 -0.2737 -0.8223
vn -0.9502 0.1799 0.2546
vn 0.9502 -0.1799 -0.2546
vn -0.7660 -0.4217 0.4853
vn 0.7660 0.4217 -0.4853
vn 0.1136 0.1675 0.9793
vn -0.1136 -0.1675 -0.9793
vn -0.0387 0.0079 0.9992
vn 0.0387 -0.0079 -0.9992
vn -0.7036 -0.0989 0.7036
vn 0.7036 0.0989 -0.7036
vn -0.6956 0.1799 0.6956
vn 0.6956 -0.1799 -0.6956
vn -0.0455 0.4799 0.8761
vn 0.0455 -0.4799 -0.8761
vn 0.0775 -0.7400 0.6682
vn -0.0775 0.7400 -0.6682
vn -0.0408 -0.2835 0.9581
vn 0.0408 0.2835 -0.9581
vn -0.7033 0.1039 0.7033
vn 0.7033 -0.1039 -0.7033
vn -0.0908 0.1695 0.9813
vn 0.0908 -0.1695 -0.9813
vn -0.0689 0.3696 0.9266
vn 0.0689 -0.3696 -0.9266
vn 0.4994 0.5691 0.6532
vn -0.4994 -0.5691 -0.6532
vn 0.5590 -0.6124 0.5590
vn -0.5590 0.6124 -0.5590
vn -0.3444 0.2482 0.9054
vn 0.3444 -0.2482 -0.9054
vn -0.2128 -0.5690 0.7943
vn 0.2128 0.5690 -0.7943
vn -0.9134 0.3252 0.2448
vn 0.9134 -0.3252 -0.2448
vn -0.0048 0.0136 0.9999
vn 0.0048 -0.0136 -0.9999
vn -0.5246 0.6706 0.5246
vn 0.5246 -0.6706 -0.5246
vn -0.0917 0.0978 0.9910
vn 0.0917 -0.0978 -0.9910
vn -0.2331 0.4349 0.8698
vn 0.2331 -0.4349 -0.8698
vn 0.6986 0.1548 0.6986
vn -0.0000 0.4472 -0.8944
vn -0.6986 -0.1548 -0.6986
vn 0.2959 0.0792 0.9519
vn -0.2959 -0.0792 -0.9519
vn 0.2968 0.0199 0.9547
vn -0.2968 -0.0199 -0.9547
vn 0.6607 -0.3565 0.6607
vn -0.6607 0.3565 -0.6607
vn -0.4168 0.2249 0.8808
vn 0.4168 -0.2249 -0.8808
vn -0.2319 0.2281 0.9456
vn 0.2319 -0.2281 -0.9456
vn 0.2128 -0.5690 0.7943
vn -0.2128 0.5690 -0.7943
vn -0.9029 0.1709 0.3944
vn 0.9029 -0.1709 -0.3944
vn -0.0039 0.5829 0.8125
vn 0.0039 -0.5829 -0.8125
vn -0.1637 0.7747 0.6108
vn 0.1637 -0.7747 -0.6108
vn -0.2540 -0.1920 0.9480
vn 0.2540 0.1920 -0.9480
vn 0.2331 0.4349 0.8698
vn -0.2331 -0.4349 -0.8698
vn -0.2567 -0.1262 0.9582
vn 0.2567 0.1262 -0.9582
vn 0.7029 0.1093 0.7029
vn -0.7029 -0.1093 -0.7029
vn 0.7033 0.1039 0.7033
vn -0.7033 -0.1039 -0.7033
vn 0.9543 0.1548 0.2557
vn -0.9543 -0.1548 -0.2557
vn 0.9607 0.1039 0.2574
vn -0.9607 -0.1039 -0.2574
vn 0.9656 0.0261 0.2587
vn -0.9656 -0.0261 -0.2587
vn 0.8603 0.3728 0.3478
vn -0.8603 -0.3728 -0.3478
vn -0.4114 0.2740 0.8693
vn 0.4114 -0.2740 -0.8693
vn -0.2899 0.2151 0.9326
vn 0.2899 -0.2151 -0.9326
vn -0.7180 0.6214 0.3136
vn 0.7180 -0.6214 -0.3136
vn -0.5223 0.0494 0.8514
vn 0.5223 -0.0494 -0.8514
vn -0.5591 0.3466 0.7532
vn 0.5591 -0.3466 -0.7532
vn 0.2540 -0.1920 0.9480
vn -0.2540 0.1920 -0.9480
vn 0.0908 0.1695 0.9813
vn -0.0908 -0.1695 -0.9813
vn 0.7080 0.1039 0.6985
vn -0.7080 -0.1039 -0.6985
vn 0.6956 0.1799 0.6956
vn -0.6956 -0.1799 -0.6956
vn 0.8715 0.3412 0.3524
vn -0.8715 -0.3412 -0.3524
vn -0.2777 -0.3536 0.8932
vn 0.2777 0.3536 -0.8932
vn -0.8006 0.5594 0.2145
vn 0.8006 -0.5594 -0.2145
vn -0.5095 0.2246 0.8306
vn 0.5095 -0.2246 -0.8306
vn 0.2365 0.4062 0.8827
vn -0.2365 -0.4062 -0.8827
vn -0.4182 0.7125 0.5634
vn 0.4182 -0.7125 -0.5634
vn 0.0917 0.0978 0.9910
vn -0.0917 -0.0978 -0.9910
vn -0.7480 0.0378 0.6626
vn 0.7480 -0.0378 -0.6626
vn 0.7029 -0.1588 0.6934
vn -0.7029 0.1588 -0.6934
vn -0.5253 -0.5484 0.6506
vn 0.5253 0.5484 -0.6506
vn 0.9502 0.1799 0.2546
vn -0.9502 -0.1799 -0.2546
vn 0.8735 0.3068 0.3780
vn -0.8735 -0.3068 -0.3780
vn 0.9175 -0.0226 0.3970
vn -0.9175 0.0226 -0.3970
vn -0.9072 0.3435 0.2431
vn 0.9072 -0.3435 -0.2431
vn -0.0000 -0.5409 0.8411
vn -0.0000 0.5409 -0.8411
vn -0.7052 0.0739 0.7052
vn 0.7052 -0.0739 -0.7052
vn 0.0137 0.0236 0.9996
vn -0.0137 -0.0236 -0.9996
vn 0.0085 0.7844 0.6202
vn -0.0085 -0.7844 -0.6202
vn -0.1469 0.0844 0.9855
vn 0.1469 -0.0844 -0.9855
vn -0.6876 0.3950 0.6092
vn 0.6876 -0.3951 -0.6092
vn -0.1304 -0.9908 0.0349
vn 0.1304 0.9908 -0.0349
vn 0.4300 0.1702 0.8867
vn -0.4300 -0.1702 -0.8867
vn 0.9366 0.1819 0.2994
vn -0.9366 -0.1819 -0.2994
vn -0.6641 0.3435 0.6641
vn 0.6641 -0.3435 -0.6641
vn -0.8039 -0.3217 0.5002
vn 0.8039 0.3217 -0.5002
vn -0.2536 -0.2006 0.9463
vn 0.2536 0.2006 -0.9463
vn -0.1474 0.0212 0.9889
vn 0.1474 -0.0212 -0.9889
vn -0.6660 -0.6203 0.4144
vn 0.6660 0.6203 -0.4144
vn 0.9141 0.2814 0.2921
vn -0.9141 -0.2814 -0.2921
vn 0.4332 -0.1192 0.8934
vn -0.4332 0.1192 -0.8934
vn -0.2431 0.3435 0.9072
vn 0.2431 -0.3435 -0.9072
vn -0.6747 -0.2991 0.6747
vn 0.6747 0.2991 -0.6747
vn 0.1986 0.6414 0.7411
vn -0.1986 -0.6414 -0.7411
vn 0.6230 0.4730 0.6230
vn -0.6230 -0.4730 -0.6230
vn 0.2546 0.1799 0.9502
vn -0.2546 -0.1799 -0.9502
vn 0.9014 0.1071 0.4195
vn -0.9014 -0.1071 -0.4195
vn 0.2431 0.3435 0.9072
vn -0.2431 -0.3435 -0.9072
vn -0.2470 -0.2991 0.9217
vn 0.2470 0.2991 -0.9217
vn -0.6584 -0.3648 0.6584
vn 0.6584 0.3648 -0.6584
vn -0.9109 -0.3328 0.2441
vn 0.9109 0.3328 -0.2441
vn 0.5425 0.6414 0.5425
vn -0.5425 -0.6414 -0.5425
vn 0.9063 0.0269 0.4217
vn -0.9063 -0.0269 -0.4217
vn 0.6641 0.3435 0.6641
vn -0.6641 -0.3435 -0.6641
vn 0.2470 -0.2991 0.9217
vn -0.2470 0.2991 -0.9217
vn -0.2410 -0.3648 0.8993
vn 0.2410 0.3648 -0.8993
vn -0.6668 -0.3328 0.6668
vn 0.6668 0.3328 -0.6668
vn -0.8478 -0.4792 0.2272
vn 0.8478 0.4792 -0.2272
vn 0.7411 0.6414 0.1986
vn -0.7411 -0.6414 -0.1986
vn 0.9072 0.3435 0.2431
vn -0.9072 -0.3435 -0.2431
vn 0.6747 -0.2991 0.6747
vn -0.6747 0.2991 -0.6747
vn 0.2410 -0.3648 0.8993
vn -0.2410 0.3648 -0.8993
vn -0.2441 -0.3328 0.9109
vn 0.2441 0.3328 -0.9109
vn -0.6206 -0.4792 0.6206
vn 0.6206 0.4792 -0.6206
vn -0.8687 -0.4372 0.2328
vn 0.8687 0.4372 -0.2328
vn 0.6584 -0.3648 0.6584
vn -0.6584 0.3648 -0.6584
vn 0.2441 -0.3328 0.9109
vn -0.2441 0.3328 -0.9109
vn -0.2272 -0.4792 0.8478
vn 0.2272 0.4792 -0.8478
vn -0.6360 -0.4372 0.6360
vn 0.6360 0.4372 -0.6360
vn -0.8876 -0.3944 0.2378
vn 0.8876 0.3944 -0.2378
vn 0.6668 -0.3328 0.6668
vn -0.6668 0.3328 -0.6668
vn 0.2272 -0.4792 0.8478
vn -0.2272 0.4792 -0.8478
vn -0.2328 -0.4372 0.8687
vn 0.2328 0.4372 -0.8687
vn -0.6498 -0.3944 0.6498
vn 0.6498 0.3944 -0.6498
vn -0.9046 -0.3508 0.2424
vn 0.9046 0.3508 -0.2424
vn 0.9109 -0.3328 0.2441
vn -0.9109 0.3328 -0.2441
vn 0.6206 -0.4792 0.6206
vn -0.6206 0.4792 -0.6206
vn 0.2328 -0.4372 0.8687
vn -0.2328 0.4372 -0.8687
vn -0.2378 -0.3944 0.8876
vn 0.2378 0.3944 -0.8876
vn -0.6622 -0.3508 0.6622
vn 0.6622 0.3508 -0.6622
vn -0.9194 -0.3065 0.2464
vn 0.9194 0.3065 -0.2464
vn 0.8478 -0.4792 0.2272
vn -0.8478 0.4792 -0.2272
vn 0.6360 -0.4372 0.6360
vn -0.6360 0.4372 -0.6360
vn 0.2378 -0.3944 0.8876
vn -0.2378 0.3944 -0.8876
vn -0.2424 -0.3508 0.9046
vn 0.2424 0.3508 -0.9046
vn -0.6731 -0.3065 0.6731
vn 0.6731 0.3065 -0.6731
vn 0.8687 -0.4372 0.2328
vn -0.8687 0.4372 -0.2328
vn 0.6498 -0.3944 0.6498
vn -0.6498 0.3944 -0.6498
vn 0.2424 -0.3508 0.9046
vn -0.2424 0.3508 -0.9046
vn -0.2464 -0.3065 0.9194
vn 0.2464 0.3065 -0.9194
vn 0.8876 -0.3944 0.2378
vn -0.8876 0.3944 -0.2378
vn 0.6622 -0.3508 0.6622
vn -0.6622 0.3508 -0.6622
vn 0.2464 -0.3065 0.9194
vn -0.2464 0.3065 -0.9194
vn 0.9046 -0.3508 0.2424
vn -0.9046 0.3508 -0.2424
vn 0.6731 -0.3065 0.6731
vn -0.6731 0.3065 -0.6731
vn 0.9194 -0.3065 0.2464
vn -0.9194 0.3065 -0.2464
vn -0.0373 -0.9896 -0.1392
vn -0.6326 0.2454 0.7346
vn -0.5270 0.0765 0.8464
vn -0.4884 0.2033 0.8486
vn -0.3222 0.0728 0.9439
vn -0.3158 0.0869 0.9448
vn 0.0373 0.9896 0.1392
vn 0.6326 -0.2454 -0.7346
vn 0.5270 -0.0765 -0.8464
vn 0.4884 -0.2033 -0.8486
vn 0.3222 -0.0728 -0.9439
vn 0.3158 -0.0869 -0.9448
vn -0.4155 -0.8528 0.3164
vn 0.8529 -0.4695 0.2285
vn 0.4155 0.8528 -0.3164
vn -0.8529 0.4695 -0.2285
vn 0.6524 -0.7552 0.0629
vn 0.9539 0.1565 0.2562
vn 0.6073 -0.5123 0.6073
vn -0.6524 0.7552 -0.0629
vn -0.9539 -0.1565 -0.2562
vn -0.6073 0.5123 -0.6073
vt 0.383421 0.599844
vt 0.363134 0.634603
vt 0.379758 0.634603
vt 0.367364 0.599844
vt 0.399554 0.669362
vt 0.425176 0.634603
vt 0.385863 0.565086
vt 0.370184 0.565086
vt 0.360314 0.669362
vt 0.427291 0.599844
vt 0.386474 0.530327
vt 0.370889 0.530327
vt 0.355378 0.704120
vt 0.487218 0.599844
vt 0.428701 0.565086
vt 0.395633 0.495569
vt 0.381464 0.495569
vt 0.362554 0.721499
vt 0.429054 0.530327
vt 0.402959 0.460810
vt 0.389925 0.460810
vt 0.388936 0.698334
vt 0.487218 0.565086
vt 0.487218 0.530327
vt 0.434341 0.495569
vt 0.407233 0.426051
vt 0.394860 0.426051
vt 0.369729 0.738879
vt 0.545735 0.565086
vt 0.438571 0.460810
vt 0.409676 0.391293
vt 0.397680 0.391293
vt 0.441039 0.426051
vt 0.385469 0.738879
vt 0.373732 0.698334
vt 0.560452 0.614617
vt 0.545383 0.530327
vt 0.487218 0.495569
vt 0.410286 0.356534
vt 0.398385 0.356534
vt 0.442449 0.391293
vt 0.487218 0.426051
vt 0.430475 0.698334
vt 0.428473 0.738879
vt 0.388936 0.779423
vt 0.373732 0.779423
vt 0.399101 0.660553
vt 0.385469 0.660553
vt 0.557979 0.634603
vt 0.591015 0.599844
vt 0.566673 0.530327
vt 0.587962 0.530327
vt 0.540095 0.495569
vt 0.487218 0.460810
vt 0.414560 0.321776
vt 0.442802 0.356534
vt 0.487218 0.698334
vt 0.487218 0.738879
vt 0.436344 0.660553
vt 0.430475 0.779423
vt 0.399101 0.817205
vt 0.385469 0.817205
vt 0.415271 0.628109
vt 0.404141 0.628109
vt 0.594679 0.634603
vt 0.571970 0.634603
vt 0.588573 0.565086
vt 0.559449 0.495569
vt 0.535865 0.460810
vt 0.403320 0.321776
vt 0.487218 0.391293
vt 0.543961 0.698334
vt 0.545963 0.738879
vt 0.487218 0.660553
vt 0.487218 0.779423
vt 0.445679 0.628109
vt 0.436344 0.817205
vt 0.415271 0.849649
vt 0.404141 0.849649
vt 0.428473 0.603214
vt 0.436344 0.603214
vt 0.559027 0.669362
vt 0.585508 0.669362
vt 0.597121 0.669362
vt 0.611303 0.634603
vt 0.607073 0.599844
vt 0.604252 0.565086
vt 0.603547 0.530327
vt 0.578804 0.495569
vt 0.553671 0.460810
vt 0.425881 0.287017
vt 0.445269 0.321776
vt 0.487218 0.356534
vt 0.531987 0.391293
vt 0.533397 0.426051
vt 0.585500 0.698334
vt 0.538093 0.660553
vt 0.543961 0.779423
vt 0.459014 0.628109
vt 0.487218 0.628109
vt 0.487218 0.817205
vt 0.457846 0.603214
vt 0.445679 0.849649
vt 0.428473 0.874544
vt 0.436344 0.874544
vt 0.456810 0.587564
vt 0.460884 0.587564
vt 0.573896 0.669362
vt 0.601395 0.704120
vt 0.614123 0.669362
vt 0.592972 0.495569
vt 0.550300 0.426051
vt 0.434099 0.287017
vt 0.487218 0.321776
vt 0.588967 0.738879
vt 0.575335 0.660553
vt 0.528757 0.628109
vt 0.585500 0.779423
vt 0.538093 0.817205
vt 0.487218 0.603214
vt 0.487218 0.849649
vt 0.472014 0.587564
vt 0.457846 0.874544
vt 0.456810 0.890193
vt 0.460884 0.890193
vt 0.487218 0.582226
vt 0.553138 0.704120
vt 0.619058 0.704120
vt 0.571477 0.460810
vt 0.584512 0.460810
vt 0.442647 0.252259
vt 0.435751 0.252259
vt 0.487218 0.287017
vt 0.456550 0.287017
vt 0.531635 0.356534
vt 0.548374 0.391293
vt 0.604708 0.738879
vt 0.600704 0.698334
vt 0.588967 0.660553
vt 0.559165 0.628109
vt 0.516591 0.603214
vt 0.600704 0.779423
vt 0.575335 0.817205
vt 0.528757 0.849649
vt 0.487218 0.587564
vt 0.487218 0.874544
vt 0.472014 0.890193
vt 0.487218 0.895531
vt 0.577266 0.704120
vt 0.567203 0.426051
vt 0.579577 0.426051
vt 0.461485 0.252259
vt 0.427291 0.217500
vt 0.435320 0.217500
vt 0.508193 0.321776
vt 0.570296 0.628109
vt 0.538093 0.603214
vt 0.502422 0.587564
vt 0.588967 0.817205
vt 0.559165 0.849649
vt 0.516591 0.874544
vt 0.487218 0.890193
vt 0.564761 0.391293
vt 0.576756 0.391293
vt 0.487218 0.252259
vt 0.457255 0.217500
vt 0.416716 0.182741
vt 0.426161 0.182741
vt 0.517887 0.287017
vt 0.529167 0.321776
vt 0.564150 0.356534
vt 0.545963 0.603214
vt 0.513553 0.587564
vt 0.570296 0.849649
vt 0.538093 0.874544
vt 0.502422 0.890193
vt 0.576051 0.356534
vt 0.512952 0.252259
vt 0.487218 0.217500
vt 0.451967 0.182741
vt 0.408784 0.153794
vt 0.419292 0.153794
vt 0.540338 0.287017
vt 0.559876 0.321776
vt 0.517627 0.587564
vt 0.545963 0.874544
vt 0.513553 0.890193
vt 0.571116 0.321776
vt 0.531790 0.252259
vt 0.517182 0.217500
vt 0.487218 0.182741
vt 0.448001 0.153794
vt 0.400973 0.135367
vt 0.412528 0.135367
vt 0.548555 0.287017
vt 0.517627 0.890193
vt 0.538685 0.252259
vt 0.539117 0.217500
vt 0.522469 0.182741
vt 0.487218 0.153794
vt 0.444096 0.135367
vt 0.393837 0.116461
vt 0.406348 0.116461
vt 0.547145 0.217500
vt 0.548275 0.182741
vt 0.526435 0.153794
vt 0.487218 0.135367
vt 0.440528 0.116461
vt 0.387392 0.097118
vt 0.400766 0.097118
vt 0.557721 0.182741
vt 0.555144 0.153794
vt 0.530341 0.135367
vt 0.487218 0.116461
vt 0.437305 0.097118
vt 0.381653 0.077384
vt 0.395796 0.077384
vt 0.565652 0.153794
vt 0.561908 0.135367
vt 0.533909 0.116461
vt 0.487218 0.097118
vt 0.434436 0.077384
vt 0.376633 0.057304
vt 0.391449 0.057304
vt 0.573463 0.135367
vt 0.568088 0.116461
vt 0.537131 0.097118
vt 0.487218 0.077384
vt 0.431926 0.057304
vt 0.580599 0.116461
vt 0.573670 0.097118
vt 0.540001 0.077384
vt 0.487218 0.057304
vt 0.587044 0.097118
vt 0.578640 0.077384
vt 0.542511 0.057304
vt 0.592783 0.077384
vt 0.582988 0.057304
vt 0.597803 0.057304
vt 0.000000 1.000000
vt 0.000000 0.000000
s 0
usemtl Material.001
f 3/1/1 2/2/1 1/3/1
f 2/2/1 3/1/1 4/4/1
f 7/4/2 6/1/2 5/2/2
f 8/3/2 5/2/2 6/1/2
f 2/2/3 9/5/3 1/3/3
f 8/3/4 10/5/4 5/2/4
f 11/6/5 3/1/5 1/3/5
f 8/3/6 6/1/6 12/6/6
f 13/7/7 4/4/7 3/1/7
f 4/4/7 13/7/7 14/8/7
f 16/8/8 15/7/8 7/4/8
f 6/1/8 7/4/8 15/7/8
f 9/5/9 11/6/9 1/3/9
f 8/3/10 12/6/10 10/5/10
f 2/2/11 17/9/11 9/5/11
f 10/5/12 18/9/12 5/2/12
f 11/6/13 19/10/13 3/1/13
f 6/1/14 20/10/14 12/6/14
f 19/10/15 13/7/15 3/1/15
f 6/1/16 15/7/16 20/10/16
f 21/11/17 14/8/17 13/7/17
f 14/8/17 21/11/17 22/12/17
f 24/12/18 23/11/18 16/8/18
f 15/7/18 16/8/18 23/11/18
f 25/13/19 9/5/19 17/9/19
f 18/9/20 10/5/20 26/13/20
f 11/6/21 27/14/21 19/10/21
f 20/10/22 28/14/22 12/6/22
f 19/10/23 29/15/23 13/7/23
f 15/7/24 30/15/24 20/10/24
f 29/15/25 21/11/25 13/7/25
f 15/7/26 23/11/26 30/15/26
f 31/16/27 22/12/27 21/11/27
f 22/12/27 31/16/27 32/17/27
f 34/17/28 33/16/28 24/12/28
f 23/11/28 24/12/28 33/16/28
f 35/18/29 9/5/29 25/13/29
f 26/13/30 10/5/30 36/18/30
f 27/14/31 29/15/31 19/10/31
f 20/10/32 30/15/32 28/14/32
f 29/15/33 37/19/33 21/11/33
f 23/11/34 38/19/34 30/15/34
f 37/19/35 31/16/35 21/11/35
f 23/11/36 33/16/36 38/19/36
f 39/20/37 32/17/37 31/16/37
f 32/17/37 39/20/37 40/21/37
f 42/21/38 41/20/38 34/17/38
f 33/16/38 34/17/38 41/20/38
f 35/18/39 43/22/39 9/5/39
f 10/5/40 44/22/40 36/18/40
f 27/14/41 45/23/41 29/15/41
f 30/15/42 46/23/42 28/14/42
f 29/15/43 47/24/43 37/19/43
f 38/19/44 48/24/44 30/15/44
f 37/19/45 49/25/45 31/16/45
f 33/16/46 50/25/46 38/19/46
f 49/25/47 39/20/47 31/16/47
f 33/16/48 41/20/48 50/25/48
f 51/26/49 40/21/49 39/20/49
f 40/21/49 51/26/49 52/27/49
f 54/27/50 53/26/50 42/21/50
f 41/20/50 42/21/50 53/26/50
f 55/28/51 43/22/51 35/18/51
f 36/18/52 44/22/52 56/28/52
f 27/14/53 57/29/53 45/23/53
f 46/23/54 58/29/54 28/14/54
f 45/23/55 47/24/55 29/15/55
f 30/15/56 48/24/56 46/23/56
f 47/24/57 49/25/57 37/19/57
f 38/19/58 50/25/58 48/24/58
f 49/25/59 59/30/59 39/20/59
f 41/20/60 60/30/60 50/25/60
f 61/31/7 52/27/7 51/26/7
f 52/27/7 61/31/7 62/32/7
f 64/32/8 63/31/8 54/27/8
f 53/26/8 54/27/8 63/31/8
f 39/20/61 65/33/61 51/26/61
f 65/33/61 39/20/61 59/30/61
f 60/30/62 41/20/62 66/33/62
f 53/26/62 66/33/62 41/20/62
f 69/28/63 68/34/63 67/22/63
f 72/22/64 71/34/64 70/28/64
f 74/35/63 73/28/63 67/22/63
f 72/22/64 76/28/64 75/35/64
f 77/36/65 57/29/65 27/14/65
f 28/14/66 58/29/66 78/36/66
f 57/29/67 79/37/67 45/23/67
f 46/23/68 80/37/68 58/29/68
f 45/23/69 79/37/69 47/24/69
f 48/24/70 80/37/70 46/23/70
f 47/24/71 81/38/71 49/25/71
f 50/25/72 82/38/72 48/24/72
f 81/38/73 59/30/73 49/25/73
f 50/25/74 60/30/74 82/38/74
f 83/39/17 62/32/17 61/31/17
f 62/32/17 83/39/17 84/40/17
f 86/40/18 85/39/18 64/32/18
f 63/31/18 64/32/18 85/39/18
f 51/26/75 87/41/75 61/31/75
f 87/41/75 51/26/75 65/33/75
f 66/33/76 53/26/76 88/41/76
f 63/31/76 88/41/76 53/26/76
f 59/30/77 89/42/77 65/33/77
f 66/33/78 90/42/78 60/30/78
f 68/34/79 91/43/79 67/22/79
f 91/43/79 68/34/79 92/44/79
f 94/44/80 71/34/80 93/43/80
f 72/22/80 93/43/80 71/34/80
f 69/28/81 95/45/81 68/34/81
f 95/45/81 69/28/81 96/46/81
f 98/46/82 70/28/82 97/45/82
f 71/34/82 97/45/82 70/28/82
f 99/47/83 74/35/83 67/22/83
f 74/35/83 99/47/83 100/48/83
f 102/48/84 101/47/84 75/35/84
f 72/22/84 75/35/84 101/47/84
f 103/49/85 77/36/85 27/14/85
f 28/14/86 78/36/86 104/49/86
f 77/36/87 105/50/87 57/29/87
f 58/29/88 106/50/88 78/36/88
f 57/29/89 107/51/89 79/37/89
f 107/51/89 57/29/89 108/52/89
f 110/52/90 58/29/90 109/51/90
f 80/37/90 109/51/90 58/29/90
f 79/37/91 111/53/91 47/24/91
f 48/24/92 112/53/92 80/37/92
f 47/24/93 111/53/93 81/38/93
f 82/38/94 112/53/94 48/24/94
f 81/38/95 113/54/95 59/30/95
f 60/30/96 114/54/96 82/38/96
f 84/40/97 83/39/97 115/55/97
f 116/55/98 85/39/98 86/40/98
f 61/31/99 117/56/99 83/39/99
f 85/39/100 118/56/100 63/31/100
f 117/56/101 61/31/101 87/41/101
f 88/41/102 63/31/102 118/56/102
f 89/42/103 87/41/103 65/33/103
f 66/33/104 88/41/104 90/42/104
f 113/54/105 89/42/105 59/30/105
f 60/30/106 90/42/106 114/54/106
f 92/44/107 119/57/107 91/43/107
f 119/57/107 92/44/107 120/58/107
f 122/58/108 94/44/108 121/57/108
f 93/43/108 121/57/108 94/44/108
f 123/59/109 67/22/109 91/43/109
f 67/22/109 123/59/109 99/47/109
f 101/47/110 124/59/110 72/22/110
f 93/43/110 72/22/110 124/59/110
f 95/45/111 92/44/111 68/34/111
f 92/44/111 95/45/111 125/60/111
f 126/60/112 97/45/112 94/44/112
f 71/34/112 94/44/112 97/45/112
f 96/46/113 127/61/113 95/45/113
f 127/61/113 96/46/113 128/62/113
f 130/62/114 98/46/114 129/61/114
f 97/45/114 129/61/114 98/46/114
f 131/63/115 100/48/115 99/47/115
f 100/48/115 131/63/115 132/64/115
f 134/64/116 133/63/116 102/48/116
f 101/47/116 102/48/116 133/63/116
f 77/36/117 135/65/117 105/50/117
f 135/65/117 77/36/117 103/49/117
f 135/65/118 103/49/118 136/66/118
f 138/66/119 104/49/119 137/65/119
f 104/49/120 78/36/120 137/65/120
f 106/50/120 137/65/120 78/36/120
f 105/50/121 139/67/121 57/29/121
f 58/29/122 140/67/122 106/50/122
f 139/67/123 108/52/123 57/29/123
f 58/29/124 110/52/124 140/67/124
f 108/52/125 141/68/125 107/51/125
f 109/51/126 142/68/126 110/52/126
f 107/51/125 141/68/125 79/37/125
f 80/37/126 142/68/126 109/51/126
f 79/37/127 141/68/127 111/53/127
f 112/53/128 142/68/128 80/37/128
f 111/53/129 143/69/129 81/38/129
f 82/38/130 144/69/130 112/53/130
f 81/38/131 143/69/131 113/54/131
f 114/54/132 144/69/132 82/38/132
f 145/70/133 84/40/133 115/55/133
f 116/55/134 86/40/134 146/70/134
f 117/56/135 115/55/135 83/39/135
f 85/39/136 116/55/136 118/56/136
f 147/71/137 117/56/137 87/41/137
f 88/41/138 118/56/138 148/71/138
f 89/42/139 147/71/139 87/41/139
f 88/41/140 148/71/140 90/42/140
f 143/69/141 89/42/141 113/54/141
f 114/54/142 90/42/142 144/69/142
f 120/58/143 149/72/143 119/57/143
f 149/72/143 120/58/143 150/73/143
f 152/73/144 122/58/144 151/72/144
f 121/57/144 151/72/144 122/58/144
f 91/43/145 153/74/145 123/59/145
f 153/74/145 91/43/145 119/57/145
f 121/57/146 93/43/146 154/74/146
f 124/59/146 154/74/146 93/43/146
f 125/60/147 120/58/147 92/44/147
f 120/58/147 125/60/147 155/75/147
f 156/75/148 126/60/148 122/58/148
f 94/44/148 122/58/148 126/60/148
f 123/59/149 131/63/149 99/47/149
f 131/63/149 123/59/149 157/76/149
f 158/76/150 124/59/150 133/63/150
f 101/47/150 133/63/150 124/59/150
f 95/45/151 159/77/151 125/60/151
f 159/77/151 95/45/151 127/61/151
f 129/61/152 97/45/152 160/77/152
f 126/60/152 160/77/152 97/45/152
f 128/62/153 161/78/153 127/61/153
f 161/78/153 128/62/153 162/79/153
f 164/79/154 130/62/154 163/78/154
f 129/61/154 163/78/154 130/62/154
f 131/63/155 165/80/155 132/64/155
f 165/80/155 131/63/155 166/81/155
f 168/81/156 133/63/156 167/80/156
f 134/64/156 167/80/156 133/63/156
f 136/66/157 103/49/157 169/82/157
f 170/82/158 104/49/158 138/66/158
f 171/83/159 135/65/159 136/66/159
f 135/65/159 171/83/159 172/84/159
f 174/84/160 173/83/160 137/65/160
f 138/66/160 137/65/160 173/83/160
f 175/85/161 105/50/161 135/65/161
f 105/50/161 175/85/161 176/86/161
f 178/86/162 177/85/162 106/50/162
f 137/65/162 106/50/162 177/85/162
f 176/86/163 139/67/163 105/50/163
f 139/67/163 176/86/163 179/87/163
f 180/87/164 178/86/164 140/67/164
f 106/50/164 140/67/164 178/86/164
f 179/87/165 108/52/165 139/67/165
f 108/52/165 179/87/165 181/88/165
f 182/88/166 180/87/166 110/52/166
f 140/67/166 110/52/166 180/87/166
f 183/89/167 141/68/167 108/52/167
f 110/52/168 142/68/168 184/89/168
f 141/68/169 185/90/169 111/53/169
f 112/53/170 186/90/170 142/68/170
f 111/53/171 185/90/171 143/69/171
f 144/69/172 186/90/172 112/53/172
f 145/70/173 115/55/173 187/91/173
f 188/91/174 116/55/174 146/70/174
f 117/56/175 189/92/175 115/55/175
f 116/55/176 190/92/176 118/56/176
f 147/71/177 191/93/177 117/56/177
f 118/56/178 192/93/178 148/71/178
f 89/42/179 193/94/179 147/71/179
f 148/71/180 194/94/180 90/42/180
f 143/69/181 195/95/181 89/42/181
f 90/42/182 196/95/182 144/69/182
f 199/96/183 198/72/183 197/73/183
f 202/73/184 201/72/184 200/96/184
f 119/57/185 203/97/185 153/74/185
f 203/97/185 119/57/185 149/72/185
f 151/72/186 121/57/186 204/97/186
f 154/74/186 204/97/186 121/57/186
f 155/75/187 150/73/187 120/58/187
f 150/73/187 155/75/187 205/98/187
f 206/98/188 156/75/188 152/73/188
f 122/58/188 152/73/188 156/75/188
f 123/59/189 207/99/189 157/76/189
f 207/99/189 123/59/189 208/100/189
f 208/100/189 123/59/189 153/74/189
f 154/74/190 124/59/190 209/100/190
f 209/100/190 124/59/190 210/99/190
f 158/76/190 210/99/190 124/59/190
f 159/77/191 155/75/191 125/60/191
f 155/75/191 159/77/191 211/101/191
f 212/101/192 160/77/192 156/75/192
f 126/60/192 156/75/192 160/77/192
f 157/76/193 166/81/193 131/63/193
f 166/81/193 157/76/193 213/102/193
f 214/102/194 158/76/194 168/81/194
f 133/63/194 168/81/194 158/76/194
f 161/78/195 159/77/195 127/61/195
f 159/77/195 161/78/195 215/103/195
f 216/103/196 163/78/196 160/77/196
f 129/61/196 160/77/196 163/78/196
f 217/104/197 161/78/197 162/79/197
f 161/78/197 217/104/197 218/105/197
f 220/105/198 219/104/198 163/78/198
f 164/79/198 163/78/198 219/104/198
f 166/81/199 221/106/199 165/80/199
f 221/106/199 166/81/199 222/107/199
f 224/107/200 168/81/200 223/106/200
f 167/80/200 223/106/200 168/81/200
f 136/66/201 169/82/201 225/108/201
f 226/108/202 170/82/202 138/66/202
f 227/109/203 172/84/203 171/83/203
f 173/83/204 174/84/204 228/109/204
f 229/110/163 135/65/163 172/84/163
f 135/65/163 229/110/163 175/85/163
f 177/85/164 230/110/164 137/65/164
f 174/84/164 137/65/164 230/110/164
f 181/88/205 183/89/205 108/52/205
f 183/89/205 181/88/205 231/111/205
f 232/111/206 182/88/206 184/89/206
f 110/52/206 184/89/206 182/88/206
f 183/89/207 185/90/207 141/68/207
f 142/68/208 186/90/208 184/89/208
f 185/90/209 233/112/209 143/69/209
f 144/69/210 234/112/210 186/90/210
f 187/91/211 115/55/211 235/113/211
f 236/113/212 116/55/212 188/91/212
f 117/56/213 237/114/213 189/92/213
f 190/92/214 238/114/214 118/56/214
f 189/92/215 235/113/215 115/55/215
f 116/55/216 236/113/216 190/92/216
f 193/94/217 191/93/217 147/71/217
f 148/71/218 192/93/218 194/94/218
f 237/114/219 117/56/219 191/93/219
f 192/93/220 118/56/220 238/114/220
f 195/95/221 193/94/221 89/42/221
f 90/42/222 194/94/222 196/95/222
f 195/95/223 143/69/223 233/112/223
f 234/112/224 144/69/224 196/95/224
f 240/115/183 239/96/183 150/73/183
f 152/73/184 242/96/184 241/115/184
f 198/72/225 244/116/225 243/97/225
f 244/116/225 198/72/225 199/96/225
f 200/96/226 201/72/226 245/116/226
f 246/97/226 245/116/226 201/72/226
f 153/74/227 247/117/227 208/100/227
f 247/117/227 153/74/227 203/97/227
f 204/97/228 154/74/228 248/117/228
f 209/100/228 248/117/228 154/74/228
f 205/98/229 240/115/229 150/73/229
f 240/115/229 205/98/229 249/118/229
f 250/118/230 206/98/230 241/115/230
f 152/73/230 241/115/230 206/98/230
f 211/101/231 205/98/231 155/75/231
f 205/98/231 211/101/231 251/119/231
f 252/119/232 212/101/232 206/98/232
f 156/75/232 206/98/232 212/101/232
f 253/99/233 213/102/233 157/76/233
f 213/102/233 253/99/233 254/120/233
f 254/120/233 253/99/233 255/100/233
f 258/100/234 257/99/234 256/120/234
f 256/120/234 257/99/234 214/102/234
f 158/76/234 214/102/234 257/99/234
f 215/103/235 211/101/235 159/77/235
f 211/101/235 215/103/235 259/121/235
f 260/121/236 216/103/236 212/101/236
f 160/77/236 212/101/236 216/103/236
f 213/102/237 222/107/237 166/81/237
f 222/107/237 213/102/237 261/122/237
f 262/122/238 214/102/238 224/107/238
f 168/81/238 224/107/238 214/102/238
f 218/105/239 215/103/239 161/78/239
f 215/103/239 218/105/239 263/123/239
f 264/123/240 220/105/240 216/103/240
f 163/78/240 216/103/240 220/105/240
f 265/124/241 218/105/241 217/104/241
f 218/105/241 265/124/241 266/125/241
f 268/125/242 267/124/242 220/105/242
f 219/104/242 220/105/242 267/124/242
f 269/126/243 221/106/243 222/107/243
f 224/107/244 223/106/244 270/126/244
f 225/108/245 169/82/245 271/127/245
f 272/127/246 170/82/246 226/108/246
f 227/109/247 171/83/247 273/96/247
f 274/96/248 173/83/248 228/109/248
f 275/128/249 172/84/249 227/109/249
f 172/84/249 275/128/249 229/110/249
f 230/110/250 276/128/250 174/84/250
f 228/109/250 174/84/250 276/128/250
f 231/111/251 277/129/251 183/89/251
f 277/129/251 231/111/251 278/130/251
f 280/130/252 232/111/252 279/129/252
f 184/89/252 279/129/252 232/111/252
f 277/129/253 185/90/253 183/89/253
f 184/89/254 186/90/254 279/129/254
f 277/129/255 233/112/255 185/90/255
f 186/90/256 234/112/256 279/129/256
f 281/131/257 187/91/257 235/113/257
f 187/91/257 281/131/257 282/132/257
f 284/132/258 283/131/258 188/91/258
f 236/113/258 188/91/258 283/131/258
f 237/114/259 285/133/259 189/92/259
f 190/92/260 286/133/260 238/114/260
f 235/113/261 189/92/261 287/134/261
f 288/134/262 190/92/262 236/113/262
f 193/94/263 289/135/263 191/93/263
f 192/93/264 290/135/264 194/94/264
f 289/135/265 237/114/265 191/93/265
f 192/93/266 238/114/266 290/135/266
f 195/95/267 291/136/267 193/94/267
f 194/94/268 292/136/268 196/95/268
f 195/95/269 233/112/269 291/136/269
f 292/136/270 234/112/270 196/95/270
f 293/137/271 239/96/271 240/115/271
f 241/115/272 242/96/272 294/137/272
f 295/138/273 244/116/273 199/96/273
f 244/116/273 295/138/273 296/139/273
f 298/139/274 297/138/274 245/116/274
f 200/96/274 245/116/274 297/138/274
f 243/97/275 300/140/275 299/117/275
f 300/140/275 243/97/275 244/116/275
f 245/116/276 246/97/276 301/140/276
f 302/117/276 301/140/276 246/97/276
f 299/117/277 254/120/277 255/100/277
f 254/120/277 299/117/277 303/141/277
f 304/141/278 302/117/278 256/120/278
f 258/100/278 256/120/278 302/117/278
f 249/118/279 293/137/279 240/115/279
f 293/137/279 249/118/279 305/142/279
f 306/142/280 250/118/280 294/137/280
f 241/115/280 294/137/280 250/118/280
f 251/119/281 249/118/281 205/98/281
f 249/118/281 251/119/281 307/143/281
f 308/143/282 252/119/282 250/118/282
f 206/98/282 250/118/282 252/119/282
f 259/121/283 251/119/283 211/101/283
f 251/119/283 259/121/283 309/144/283
f 310/144/284 260/121/284 252/119/284
f 212/101/284 252/119/284 260/121/284
f 254/120/285 261/122/285 213/102/285
f 261/122/285 254/120/285 311/145/285
f 312/145/286 256/120/286 262/122/286
f 214/102/286 262/122/286 256/120/286
f 263/123/287 259/121/287 215/103/287
f 259/121/287 263/123/287 313/146/287
f 314/146/288 264/123/288 260/121/288
f 216/103/288 260/121/288 264/123/288
f 269/126/289 222/107/289 261/122/289
f 262/122/290 224/107/290 270/126/290
f 266/125/291 263/123/291 218/105/291
f 263/123/291 266/125/291 315/147/291
f 316/147/292 268/125/292 264/123/292
f 220/105/292 264/123/292 268/125/292
f 317/148/293 266/125/293 265/124/293
f 267/124/294 268/125/294 318/148/294
f 319/149/295 225/108/295 271/127/295
f 272/127/296 226/108/296 320/149/296
f 278/130/249 321/150/249 277/129/249
f 321/150/249 278/130/249 322/151/249
f 324/151/250 280/130/250 323/150/250
f 279/129/250 323/150/250 280/130/250
f 321/150/297 233/112/297 277/129/297
f 279/129/298 234/112/298 323/150/298
f 325/152/299 235/113/299 287/134/299
f 235/113/299 325/152/299 281/131/299
f 283/131/300 326/152/300 236/113/300
f 288/134/300 236/113/300 326/152/300
f 328/153/301 281/131/301 327/154/301
f 281/131/301 328/153/301 282/132/301
f 284/132/302 329/153/302 283/131/302
f 330/154/302 283/131/302 329/153/302
f 237/114/303 331/155/303 285/133/303
f 286/133/304 332/155/304 238/114/304
f 189/92/305 285/133/305 287/134/305
f 288/134/306 286/133/306 190/92/306
f 291/136/307 289/135/307 193/94/307
f 194/94/308 290/135/308 292/136/308
f 237/114/309 289/135/309 331/155/309
f 332/155/310 290/135/310 238/114/310
f 321/150/311 291/136/311 233/112/311
f 234/112/312 292/136/312 323/150/312
f 333/137/271 295/138/271 199/96/271
f 200/96/272 297/138/272 334/137/272
f 296/139/313 300/140/313 244/116/313
f 300/140/313 296/139/313 335/156/313
f 336/156/314 298/139/314 301/140/314
f 245/116/314 301/140/314 298/139/314
f 299/117/315 337/157/315 303/141/315
f 337/157/315 299/117/315 300/140/315
f 301/140/316 302/117/316 338/157/316
f 304/141/316 338/157/316 302/117/316
f 254/120/317 339/158/317 311/145/317
f 339/158/317 254/120/317 303/141/317
f 304/141/318 256/120/318 340/158/318
f 312/145/318 340/158/318 256/120/318
f 307/143/319 305/142/319 249/118/319
f 305/142/319 307/143/319 341/159/319
f 342/159/320 308/143/320 306/142/320
f 250/118/320 306/142/320 308/143/320
f 343/160/321 251/119/321 309/144/321
f 251/119/321 343/160/321 307/143/321
f 308/143/322 344/160/322 252/119/322
f 310/144/322 252/119/322 344/160/322
f 345/161/323 259/121/323 313/146/323
f 259/121/323 345/161/323 309/144/323
f 310/144/324 346/161/324 260/121/324
f 314/146/324 260/121/324 346/161/324
f 269/126/325 261/122/325 311/145/325
f 312/145/326 262/122/326 270/126/326
f 315/147/327 313/146/327 263/123/327
f 313/146/327 315/147/327 347/162/327
f 348/162/328 316/147/328 314/146/328
f 264/123/328 314/146/328 316/147/328
f 317/148/329 315/147/329 266/125/329
f 268/125/330 316/147/330 318/148/330
f 349/73/331 319/149/331 271/127/331
f 272/127/332 320/149/332 350/73/332
f 322/151/163 351/163/163 321/150/163
f 351/163/163 322/151/163 352/164/163
f 354/164/164 324/151/164 353/163/164
f 323/150/164 353/163/164 324/151/164
f 287/134/333 355/165/333 325/152/333
f 355/165/333 287/134/333 285/133/333
f 286/133/334 288/134/334 356/165/334
f 326/152/334 356/165/334 288/134/334
f 281/131/335 357/166/335 327/154/335
f 357/166/335 281/131/335 325/152/335
f 326/152/336 283/131/336 358/166/336
f 330/154/336 358/166/336 283/131/336
f 360/167/337 327/154/337 359/168/337
f 327/154/337 360/167/337 328/153/337
f 329/153/338 361/167/338 330/154/338
f 362/168/338 330/154/338 361/167/338
f 331/155/339 363/169/339 285/133/339
f 363/169/339 331/155/339 364/170/339
f 366/170/340 332/155/340 365/169/340
f 286/133/340 365/169/340 332/155/340
f 367/171/341 289/135/341 291/136/341
f 292/136/342 290/135/342 368/171/342
f 289/135/343 364/170/343 331/155/343
f 332/155/344 366/170/344 290/135/344
f 351/163/345 291/136/345 321/150/345
f 323/150/346 292/136/346 353/163/346
f 300/140/347 369/172/347 337/157/347
f 369/172/347 300/140/347 335/156/347
f 336/156/348 301/140/348 370/172/348
f 338/157/348 370/172/348 301/140/348
f 303/141/349 371/173/349 339/158/349
f 371/173/349 303/141/349 337/157/349
f 338/157/350 304/141/350 372/173/350
f 340/158/350 372/173/350 304/141/350
f 339/158/351 269/126/351 311/145/351
f 312/145/352 270/126/352 340/158/352
f 343/160/353 341/159/353 307/143/353
f 341/159/353 343/160/353 373/174/353
f 374/174/354 344/160/354 342/159/354
f 308/143/354 342/159/354 344/160/354
f 375/175/355 309/144/355 345/161/355
f 309/144/355 375/175/355 343/160/355
f 344/160/356 376/175/356 310/144/356
f 346/161/356 310/144/356 376/175/356
f 377/176/357 313/146/357 347/162/357
f 313/146/357 377/176/357 345/161/357
f 346/161/358 378/176/358 314/146/358
f 348/162/358 314/146/358 378/176/358
f 347/162/359 315/147/359 317/148/359
f 318/148/360 316/147/360 348/162/360
f 352/164/165 367/171/165 351/163/165
f 367/171/165 352/164/165 379/177/165
f 380/177/166 354/164/166 368/171/166
f 353/163/166 368/171/166 354/164/166
f 285/133/361 381/178/361 355/165/361
f 381/178/361 285/133/361 363/169/361
f 365/169/362 286/133/362 382/178/362
f 356/165/362 382/178/362 286/133/362
f 325/152/363 383/179/363 357/166/363
f 383/179/363 325/152/363 355/165/363
f 356/165/364 326/152/364 384/179/364
f 358/166/364 384/179/364 326/152/364
f 327/154/365 385/180/365 359/168/365
f 385/180/365 327/154/365 357/166/365
f 358/166/366 330/154/366 386/180/366
f 362/168/366 386/180/366 330/154/366
f 388/181/367 359/168/367 387/182/367
f 359/168/367 388/181/367 360/167/367
f 361/167/368 389/181/368 362/168/368
f 390/182/368 362/168/368 389/181/368
f 364/170/369 391/183/369 363/169/369
f 391/183/369 364/170/369 392/184/369
f 394/184/370 366/170/370 393/183/370
f 365/169/370 393/183/370 366/170/370
f 367/171/371 291/136/371 351/163/371
f 353/163/372 292/136/372 368/171/372
f 367/171/203 364/170/203 289/135/203
f 364/170/203 367/171/203 392/184/203
f 394/184/204 368/171/204 366/170/204
f 290/135/204 366/170/204 368/171/204
f 337/157/373 395/185/373 371/173/373
f 395/185/373 337/157/373 369/172/373
f 370/172/374 338/157/374 396/185/374
f 372/173/374 396/185/374 338/157/374
f 371/173/375 269/126/375 339/158/375
f 340/158/376 270/126/376 372/173/376
f 397/186/377 343/160/377 375/175/377
f 343/160/377 397/186/377 373/174/377
f 374/174/378 398/186/378 344/160/378
f 376/175/378 344/160/378 398/186/378
f 399/187/379 345/161/379 377/176/379
f 345/161/379 399/187/379 375/175/379
f 376/175/380 400/187/380 346/161/380
f 378/176/380 346/161/380 400/187/380
f 377/176/381 347/162/381 317/148/381
f 318/148/382 348/162/382 378/176/382
f 379/177/249 392/184/249 367/171/249
f 392/184/249 379/177/249 401/188/249
f 402/188/250 380/177/250 394/184/250
f 368/171/250 394/184/250 380/177/250
f 363/169/383 403/189/383 381/178/383
f 403/189/383 363/169/383 391/183/383
f 393/183/384 365/169/384 404/189/384
f 382/178/384 404/189/384 365/169/384
f 355/165/385 405/190/385 383/179/385
f 405/190/385 355/165/385 381/178/385
f 382/178/386 356/165/386 406/190/386
f 384/179/386 406/190/386 356/165/386
f 357/166/387 407/191/387 385/180/387
f 407/191/387 357/166/387 383/179/387
f 384/179/388 358/166/388 408/191/388
f 386/180/388 408/191/388 358/166/388
f 359/168/389 409/192/389 387/182/389
f 409/192/389 359/168/389 385/180/389
f 386/180/390 362/168/390 410/192/390
f 390/182/390 410/192/390 362/168/390
f 412/193/391 387/182/391 411/194/391
f 387/182/391 412/193/391 388/181/391
f 389/181/392 413/193/392 390/182/392
f 414/194/392 390/182/392 413/193/392
f 401/188/393 391/183/393 392/184/393
f 391/183/393 401/188/393 415/195/393
f 416/195/394 402/188/394 393/183/394
f 394/184/394 393/183/394 402/188/394
f 395/185/395 269/126/395 371/173/395
f 372/173/396 270/126/396 396/185/396
f 417/196/397 375/175/397 399/187/397
f 375/175/397 417/196/397 397/186/397
f 398/186/398 418/196/398 376/175/398
f 400/187/398 376/175/398 418/196/398
f 399/187/399 377/176/399 317/148/399
f 318/148/400 378/176/400 400/187/400
f 415/195/401 403/189/401 391/183/401
f 403/189/401 415/195/401 419/197/401
f 420/197/402 416/195/402 404/189/402
f 393/183/402 404/189/402 416/195/402
f 381/178/403 421/198/403 405/190/403
f 421/198/403 381/178/403 403/189/403
f 404/189/404 382/178/404 422/198/404
f 406/190/404 422/198/404 382/178/404
f 383/179/405 423/199/405 407/191/405
f 423/199/405 383/179/405 405/190/405
f 406/190/406 384/179/406 424/199/406
f 408/191/406 424/199/406 384/179/406
f 385/180/407 425/200/407 409/192/407
f 425/200/407 385/180/407 407/191/407
f 408/191/408 386/180/408 426/200/408
f 410/192/408 426/200/408 386/180/408
f 387/182/409 427/201/409 411/194/409
f 427/201/409 387/182/409 409/192/409
f 410/192/410 390/182/410 428/201/410
f 414/194/410 428/201/410 390/182/410
f 430/202/411 411/194/411 429/203/411
f 411/194/411 430/202/411 412/193/411
f 413/193/412 431/202/412 414/194/412
f 432/203/412 414/194/412 431/202/412
f 417/196/413 399/187/413 317/148/413
f 318/148/414 400/187/414 418/196/414
f 403/189/415 433/204/415 421/198/415
f 433/204/415 403/189/415 419/197/415
f 420/197/416 404/189/416 434/204/416
f 422/198/416 434/204/416 404/189/416
f 405/190/417 435/205/417 423/199/417
f 435/205/417 405/190/417 421/198/417
f 422/198/418 406/190/418 436/205/418
f 424/199/418 436/205/418 406/190/418
f 407/191/419 437/206/419 425/200/419
f 437/206/419 407/191/419 423/199/419
f 424/199/420 408/191/420 438/206/420
f 426/200/420 438/206/420 408/191/420
f 409/192/421 439/207/421 427/201/421
f 439/207/421 409/192/421 425/200/421
f 426/200/422 410/192/422 440/207/422
f 428/201/422 440/207/422 410/192/422
f 411/194/423 441/208/423 429/203/423
f 441/208/423 411/194/423 427/201/423
f 428/201/424 414/194/424 442/208/424
f 432/203/424 442/208/424 414/194/424
f 444/209/425 429/203/425 443/210/425
f 429/203/425 444/209/425 430/202/425
f 431/202/426 445/209/426 432/203/426
f 446/210/426 432/203/426 445/209/426
f 421/198/427 447/211/427 435/205/427
f 447/211/427 421/198/427 433/204/427
f 434/204/428 422/198/428 448/211/428
f 436/205/428 448/211/428 422/198/428
f 423/199/429 449/212/429 437/206/429
f 449/212/429 423/199/429 435/205/429
f 436/205/430 424/199/430 450/212/430
f 438/206/430 450/212/430 424/199/430
f 425/200/431 451/213/431 439/207/431
f 451/213/431 425/200/431 437/206/431
f 438/206/432 426/200/432 452/213/432
f 440/207/432 452/213/432 426/200/432
f 427/201/433 453/214/433 441/208/433
f 453/214/433 427/201/433 439/207/433
f 440/207/434 428/201/434 454/214/434
f 442/208/434 454/214/434 428/201/434
f 443/210/435 441/208/435 455/215/435
f 441/208/435 443/210/435 429/203/435
f 432/203/436 446/210/436 442/208/436
f 456/215/436 442/208/436 446/210/436
f 458/216/437 443/210/437 457/217/437
f 443/210/437 458/216/437 444/209/437
f 445/209/438 459/216/438 446/210/438
f 460/217/438 446/210/438 459/216/438
f 435/205/439 461/218/439 449/212/439
f 461/218/439 435/205/439 447/211/439
f 448/211/440 436/205/440 462/218/440
f 450/212/440 462/218/440 436/205/440
f 437/206/441 463/219/441 451/213/441
f 463/219/441 437/206/441 449/212/441
f 450/212/442 438/206/442 464/219/442
f 452/213/442 464/219/442 438/206/442
f 439/207/443 465/220/443 453/214/443
f 465/220/443 439/207/443 451/213/443
f 452/213/444 440/207/444 466/220/444
f 454/214/444 466/220/444 440/207/444
f 441/208/445 467/221/445 455/215/445
f 467/221/445 441/208/445 453/214/445
f 454/214/446 442/208/446 468/221/446
f 456/215/446 468/221/446 442/208/446
f 457/217/447 455/215/447 469/222/447
f 455/215/447 457/217/447 443/210/447
f 446/210/448 460/217/448 456/215/448
f 470/222/448 456/215/448 460/217/448
f 1092/223/449 457/217/449 1090/224/449
f 457/217/449 1092/223/449 458/216/449
f 459/216/450 1092/223/450 460/217/450
f 449/212/451 473/225/451 463/219/451
f 473/225/451 449/212/451 461/218/451
f 462/218/452 450/212/452 474/225/452
f 464/219/452 474/225/452 450/212/452
f 451/213/453 475/226/453 465/220/453
f 475/226/453 451/213/453 463/219/453
f 464/219/454 452/213/454 476/226/454
f 466/220/454 476/226/454 452/213/454
f 453/214/455 477/227/455 467/221/455
f 477/227/455 453/214/455 465/220/455
f 466/220/456 454/214/456 478/227/456
f 468/221/456 478/227/456 454/214/456
f 455/215/457 479/228/457 469/222/457
f 479/228/457 455/215/457 467/221/457
f 468/221/458 456/215/458 480/228/458
f 470/222/458 480/228/458 456/215/458
f 1090/224/459 469/222/459 1083/229/459
f 469/222/459 1090/224/459 457/217/459
f 463/219/460 482/230/460 475/226/460
f 482/230/460 463/219/460 473/225/460
f 474/225/461 464/219/461 483/230/461
f 476/226/461 483/230/461 464/219/461
f 465/220/462 484/231/462 477/227/462
f 484/231/462 465/220/462 475/226/462
f 476/226/463 466/220/463 485/231/463
f 478/227/463 485/231/463 466/220/463
f 467/221/464 486/232/464 479/228/464
f 486/232/464 467/221/464 477/227/464
f 478/227/465 468/221/465 487/232/465
f 480/228/465 487/232/465 468/221/465
f 469/222/466 1084/233/466 1083/229/466
f 1084/233/466 469/222/466 479/228/466
f 480/228/467 470/222/467 1084/233/467
f 1083/229/467 1084/233/467 470/222/467
f 475/226/468 489/234/468 484/231/468
f 489/234/468 475/226/468 482/230/468
f 483/230/469 476/226/469 490/234/469
f 485/231/469 490/234/469 476/226/469
f 477/227/470 491/235/470 486/232/470
f 491/235/470 477/227/470 484/231/470
f 485/231/471 478/227/471 492/235/471
f 487/232/471 492/235/471 478/227/471
f 479/228/472 1081/236/472 1084/233/472
f 1081/236/472 479/228/472 486/232/472
f 487/232/473 480/228/473 1081/236/473
f 1084/233/473 1081/236/473 480/228/473
f 484/231/474 494/237/474 491/235/474
f 494/237/474 484/231/474 489/234/474
f 490/234/475 485/231/475 495/237/475
f 492/235/475 495/237/475 485/231/475
f 486/232/476 1082/238/476 1081/236/476
f 1082/238/476 486/232/476 491/235/476
f 492/235/477 487/232/477 1082/238/477
f 1081/236/477 1082/238/477 487/232/477
f 491/235/478 1088/239/478 1082/238/478
f 1088/239/478 491/235/478 494/237/478
f 495/237/479 492/235/479 1088/239/479
f 1082/238/479 1088/239/479 492/235/479
f 500/240/480 499/240/480 498/240/480
f 502/240/480 499/240/480 501/240/480
f 503/240/481 499/240/481 502/240/481
f 505/240/482 502/240/482 504/240/482
f 506/240/483 503/240/483 504/240/483
f 507/240/484 503/240/484 506/240/484
f 508/240/485 507/240/485 506/240/485
f 509/240/486 507/240/486 508/240/486
f 510/240/487 509/240/487 508/240/487
f 513/76/488 512/14/488 511/99/488
f 515/99/488 512/14/488 514/100/488
f 514/100/489 512/14/489 505/49/489
f 516/117/490 514/100/490 503/49/490
f 516/117/491 505/49/491 517/97/491
f 517/97/492 505/49/492 518/82/492
f 517/97/493 518/82/493 519/72/493
f 519/72/494 518/82/494 520/127/494
f 519/72/495 520/127/495 521/73/495
f 524/240/496 523/240/496 522/240/496
f 524/240/497 525/240/497 523/240/497
f 528/96/498 527/109/498 526/137/498
f 527/109/499 529/128/499 526/137/499
f 532/240/500 531/240/500 530/240/500
f 534/240/501 533/240/501 531/240/501
f 532/240/502 535/240/502 533/240/502
f 535/240/159 536/240/159 533/240/159
f 538/73/503 537/149/503 534/96/503
f 537/149/504 539/108/504 532/96/504
f 539/108/505 540/83/505 534/96/505
f 539/108/160 541/66/160 540/83/160
f 544/1/506 543/2/506 542/3/506
f 543/2/506 544/1/506 545/4/506
f 548/4/507 547/1/507 546/2/507
f 549/3/507 546/2/507 547/1/507
f 543/2/508 550/5/508 542/3/508
f 549/3/509 551/5/509 546/2/509
f 552/6/510 544/1/510 542/3/510
f 549/3/511 547/1/511 553/6/511
f 554/7/512 545/4/512 544/1/512
f 545/4/512 554/7/512 555/8/512
f 557/8/513 556/7/513 548/4/513
f 547/1/513 548/4/513 556/7/513
f 550/5/514 552/6/514 542/3/514
f 549/3/515 553/6/515 551/5/515
f 543/2/516 558/9/516 550/5/516
f 551/5/517 559/9/517 546/2/517
f 552/6/518 560/10/518 544/1/518
f 547/1/519 561/10/519 553/6/519
f 560/10/520 554/7/520 544/1/520
f 547/1/521 556/7/521 561/10/521
f 562/11/522 555/8/522 554/7/522
f 555/8/522 562/11/522 563/12/522
f 565/12/523 564/11/523 557/8/523
f 556/7/523 557/8/523 564/11/523
f 566/13/524 550/5/524 558/9/524
f 559/9/525 551/5/525 567/13/525
f 552/6/526 568/14/526 560/10/526
f 561/10/527 569/14/527 553/6/527
f 560/10/528 570/15/528 554/7/528
f 556/7/529 571/15/529 561/10/529
f 570/15/530 562/11/530 554/7/530
f 556/7/531 564/11/531 571/15/531
f 572/16/338 563/12/338 562/11/338
f 563/12/338 572/16/338 573/17/338
f 575/17/337 574/16/337 565/12/337
f 564/11/337 565/12/337 574/16/337
f 576/18/532 550/5/532 566/13/532
f 567/13/533 551/5/533 577/18/533
f 568/14/534 570/15/534 560/10/534
f 561/10/535 571/15/535 569/14/535
f 570/15/536 578/19/536 562/11/536
f 564/11/537 579/19/537 571/15/537
f 578/19/538 572/16/538 562/11/538
f 564/11/539 574/16/539 579/19/539
f 580/20/302 573/17/302 572/16/302
f 573/17/302 580/20/302 581/21/302
f 583/21/301 582/20/301 575/17/301
f 574/16/301 575/17/301 582/20/301
f 576/18/540 584/22/540 550/5/540
f 551/5/541 585/22/541 577/18/541
f 568/14/542 586/23/542 570/15/542
f 571/15/543 587/23/543 569/14/543
f 570/15/544 588/24/544 578/19/544
f 579/19/545 589/24/545 571/15/545
f 578/19/546 590/25/546 572/16/546
f 574/16/547 591/25/547 579/19/547
f 590/25/548 580/20/548 572/16/548
f 574/16/549 582/20/549 591/25/549
f 592/26/550 581/21/550 580/20/550
f 581/21/550 592/26/550 593/27/550
f 595/27/551 594/26/551 583/21/551
f 582/20/551 583/21/551 594/26/551
f 596/28/552 584/22/552 576/18/552
f 577/18/553 585/22/553 597/28/553
f 568/14/554 598/29/554 586/23/554
f 587/23/555 599/29/555 569/14/555
f 586/23/56 588/24/56 570/15/56
f 571/15/55 589/24/55 587/23/55
f 588/24/556 590/25/556 578/19/556
f 579/19/557 591/25/557 589/24/557
f 590/25/558 600/30/558 580/20/558
f 582/20/559 601/30/559 591/25/559
f 602/31/512 593/27/512 592/26/512
f 593/27/512 602/31/512 603/32/512
f 605/32/513 604/31/513 595/27/513
f 594/26/513 595/27/513 604/31/513
f 580/20/560 606/33/560 592/26/560
f 606/33/560 580/20/560 600/30/560
f 601/30/561 582/20/561 607/33/561
f 594/26/561 607/33/561 582/20/561
f 610/28/82 609/34/82 608/22/82
f 613/22/81 612/34/81 611/28/81
f 615/35/82 614/28/82 608/22/82
f 613/22/81 617/28/81 616/35/81
f 618/36/562 598/29/562 568/14/562
f 569/14/563 599/29/563 619/36/563
f 598/29/564 620/37/564 586/23/564
f 587/23/565 621/37/565 599/29/565
f 586/23/70 620/37/70 588/24/70
f 589/24/69 621/37/69 587/23/69
f 588/24/72 622/38/72 590/25/72
f 591/25/71 623/38/71 589/24/71
f 622/38/566 600/30/566 590/25/566
f 591/25/567 601/30/567 623/38/567
f 624/39/522 603/32/522 602/31/522
f 603/32/522 624/39/522 625/40/522
f 627/40/523 626/39/523 605/32/523
f 604/31/523 605/32/523 626/39/523
f 592/26/568 628/41/568 602/31/568
f 628/41/568 592/26/568 606/33/568
f 607/33/569 594/26/569 629/41/569
f 604/31/569 629/41/569 594/26/569
f 600/30/570 630/42/570 606/33/570
f 607/33/571 631/42/571 601/30/571
f 609/34/112 632/43/112 608/22/112
f 632/43/112 609/34/112 633/44/112
f 635/44/111 612/34/111 634/43/111
f 613/22/111 634/43/111 612/34/111
f 610/28/64 636/45/64 609/34/64
f 636/45/64 610/28/64 637/46/64
f 639/46/63 611/28/63 638/45/63
f 612/34/63 638/45/63 611/28/63
f 640/47/114 615/35/114 608/22/114
f 615/35/114 640/47/114 641/48/114
f 643/48/113 642/47/113 616/35/113
f 613/22/113 616/35/113 642/47/113
f 644/49/572 618/36/572 568/14/572
f 569/14/573 619/36/573 645/49/573
f 618/36/574 646/50/574 598/29/574
f 599/29/575 647/50/575 619/36/575
f 598/29/576 648/51/576 620/37/576
f 648/51/576 598/29/576 649/52/576
f 651/52/577 599/29/577 650/51/577
f 621/37/577 650/51/577 599/29/577
f 620/37/578 652/53/578 588/24/578
f 589/24/579 653/53/579 621/37/579
f 588/24/94 652/53/94 622/38/94
f 623/38/93 653/53/93 589/24/93
f 622/38/580 654/54/580 600/30/580
f 601/30/581 655/54/581 623/38/581
f 625/40/582 624/39/582 656/55/582
f 657/55/583 626/39/583 627/40/583
f 602/31/584 658/56/584 624/39/584
f 626/39/585 659/56/585 604/31/585
f 658/56/586 602/31/586 628/41/586
f 629/41/587 604/31/587 659/56/587
f 630/42/588 628/41/588 606/33/588
f 607/33/589 629/41/589 631/42/589
f 654/54/590 630/42/590 600/30/590
f 601/30/591 631/42/591 655/54/591
f 633/44/148 660/57/148 632/43/148
f 660/57/148 633/44/148 661/58/148
f 663/58/147 635/44/147 662/57/147
f 634/43/147 662/57/147 635/44/147
f 664/59/152 608/22/152 632/43/152
f 608/22/152 664/59/152 640/47/152
f 642/47/151 665/59/151 613/22/151
f 634/43/151 613/22/151 665/59/151
f 636/45/80 633/44/80 609/34/80
f 633/44/80 636/45/80 666/60/80
f 667/60/79 638/45/79 635/44/79
f 612/34/79 635/44/79 638/45/79
f 637/46/84 668/61/84 636/45/84
f 668/61/84 637/46/84 669/62/84
f 671/62/83 639/46/83 670/61/83
f 638/45/83 670/61/83 639/46/83
f 672/63/154 641/48/154 640/47/154
f 641/48/154 672/63/154 673/64/154
f 675/64/153 674/63/153 643/48/153
f 642/47/153 643/48/153 674/63/153
f 618/36/592 676/65/592 646/50/592
f 676/65/592 618/36/592 644/49/592
f 676/65/593 644/49/593 677/66/593
f 679/66/119 645/49/119 678/65/119
f 645/49/594 619/36/594 678/65/594
f 647/50/594 678/65/594 619/36/594
f 646/50/595 680/67/595 598/29/595
f 599/29/596 681/67/596 647/50/596
f 680/67/597 649/52/597 598/29/597
f 599/29/598 651/52/598 681/67/598
f 649/52/599 682/68/599 648/51/599
f 650/51/600 683/68/600 651/52/600
f 648/51/599 682/68/599 620/37/599
f 621/37/600 683/68/600 650/51/600
f 620/37/601 682/68/601 652/53/601
f 653/53/602 683/68/602 621/37/602
f 652/53/603 684/69/603 622/38/603
f 623/38/604 685/69/604 653/53/604
f 622/38/605 684/69/605 654/54/605
f 655/54/606 685/69/606 623/38/606
f 686/70/607 625/40/607 656/55/607
f 657/55/608 627/40/608 687/70/608
f 658/56/609 656/55/609 624/39/609
f 626/39/610 657/55/610 659/56/610
f 688/71/611 658/56/611 628/41/611
f 629/41/612 659/56/612 689/71/612
f 630/42/613 688/71/613 628/41/613
f 629/41/614 689/71/614 631/42/614
f 684/69/615 630/42/615 654/54/615
f 655/54/616 631/42/616 685/69/616
f 661/58/188 690/72/188 660/57/188
f 690/72/188 661/58/188 691/73/188
f 693/73/187 663/58/187 692/72/187
f 662/57/187 692/72/187 663/58/187
f 632/43/192 694/74/192 664/59/192
f 694/74/192 632/43/192 660/57/192
f 662/57/191 634/43/191 695/74/191
f 665/59/191 695/74/191 634/43/191
f 666/60/617 661/58/617 633/44/617
f 661/58/108 666/60/108 696/75/108
f 697/75/107 667/60/107 663/58/107
f 635/44/618 663/58/618 667/60/618
f 664/59/196 672/63/196 640/47/196
f 672/63/196 664/59/196 698/76/196
f 699/76/195 665/59/195 674/63/195
f 642/47/195 674/63/195 665/59/195
f 636/45/110 700/77/110 666/60/110
f 700/77/110 636/45/110 668/61/110
f 670/61/109 638/45/109 701/77/109
f 667/60/109 701/77/109 638/45/109
f 669/62/116 702/78/116 668/61/116
f 702/78/116 669/62/116 703/79/116
f 705/79/115 671/62/115 704/78/115
f 670/61/115 704/78/115 671/62/115
f 672/63/198 706/80/198 673/64/198
f 706/80/198 672/63/198 707/81/198
f 709/81/197 674/63/197 708/80/197
f 675/64/197 708/80/197 674/63/197
f 677/66/619 644/49/619 710/82/619
f 711/82/620 645/49/620 679/66/620
f 712/83/621 676/65/621 677/66/621
f 676/65/621 712/83/621 713/84/621
f 715/84/622 714/83/622 678/65/622
f 679/66/622 678/65/622 714/83/622
f 716/85/623 646/50/623 676/65/623
f 646/50/623 716/85/623 717/86/623
f 719/86/624 718/85/624 647/50/624
f 678/65/624 647/50/624 718/85/624
f 717/86/625 680/67/625 646/50/625
f 680/67/625 717/86/625 720/87/625
f 721/87/626 719/86/626 681/67/626
f 647/50/626 681/67/626 719/86/626
f 720/87/627 649/52/627 680/67/627
f 649/52/627 720/87/627 722/88/627
f 723/88/628 721/87/628 651/52/628
f 681/67/628 651/52/628 721/87/628
f 724/89/629 682/68/629 649/52/629
f 651/52/630 683/68/630 725/89/630
f 682/68/631 726/90/631 652/53/631
f 653/53/632 727/90/632 683/68/632
f 652/53/633 726/90/633 684/69/633
f 685/69/634 727/90/634 653/53/634
f 686/70/635 656/55/635 728/91/635
f 729/91/636 657/55/636 687/70/636
f 658/56/637 730/92/637 656/55/637
f 657/55/638 731/92/638 659/56/638
f 688/71/639 732/93/639 658/56/639
f 659/56/640 733/93/640 689/71/640
f 630/42/641 734/94/641 688/71/641
f 689/71/642 735/94/642 631/42/642
f 684/69/643 736/95/643 630/42/643
f 631/42/644 737/95/644 685/69/644
f 740/96/230 739/72/230 738/73/230
f 743/73/229 742/72/229 741/96/229
f 660/57/232 744/97/232 694/74/232
f 744/97/232 660/57/232 690/72/232
f 692/72/231 662/57/231 745/97/231
f 695/74/231 745/97/231 662/57/231
f 696/75/144 691/73/144 661/58/144
f 691/73/144 696/75/144 746/98/144
f 747/98/143 697/75/143 693/73/143
f 663/58/143 693/73/143 697/75/143
f 664/59/236 748/99/236 698/76/236
f 748/99/236 664/59/236 749/100/236
f 749/100/236 664/59/236 694/74/236
f 695/74/235 665/59/235 750/100/235
f 750/100/235 665/59/235 751/99/235
f 699/76/235 751/99/235 665/59/235
f 700/77/146 696/75/146 666/60/146
f 696/75/146 700/77/146 752/101/146
f 753/101/145 701/77/145 697/75/145
f 667/60/145 697/75/145 701/77/145
f 698/76/240 707/81/240 672/63/240
f 707/81/240 698/76/240 754/102/240
f 755/102/239 699/76/239 709/81/239
f 674/63/239 709/81/239 699/76/239
f 702/78/150 700/77/150 668/61/150
f 700/77/150 702/78/150 756/103/150
f 757/103/149 704/78/149 701/77/149
f 670/61/149 701/77/149 704/78/149
f 758/104/156 702/78/156 703/79/156
f 702/78/156 758/104/156 759/105/156
f 761/105/155 760/104/155 704/78/155
f 705/79/155 704/78/155 760/104/155
f 707/81/242 762/106/242 706/80/242
f 762/106/242 707/81/242 763/107/242
f 765/107/241 709/81/241 764/106/241
f 708/80/241 764/106/241 709/81/241
f 677/66/645 710/82/645 766/108/645
f 767/108/646 711/82/646 679/66/646
f 768/109/647 713/84/647 712/83/647
f 714/83/648 715/84/648 769/109/648
f 770/110/625 676/65/625 713/84/625
f 676/65/625 770/110/625 716/85/625
f 718/85/626 771/110/626 678/65/626
f 715/84/626 678/65/626 771/110/626
f 722/88/428 724/89/428 649/52/428
f 724/89/428 722/88/428 772/111/428
f 773/111/427 723/88/427 725/89/427
f 651/52/427 725/89/427 723/88/427
f 724/89/649 726/90/649 682/68/649
f 683/68/650 727/90/650 725/89/650
f 726/90/651 774/112/651 684/69/651
f 685/69/652 775/112/652 727/90/652
f 728/91/653 656/55/653 776/113/653
f 777/113/654 657/55/654 729/91/654
f 658/56/214 778/114/214 730/92/214
f 731/92/213 779/114/213 659/56/213
f 730/92/655 776/113/655 656/55/655
f 657/55/656 777/113/656 731/92/656
f 734/94/657 732/93/657 688/71/657
f 689/71/658 733/93/658 735/94/658
f 778/114/659 658/56/659 732/93/659
f 733/93/660 659/56/660 779/114/660
f 736/95/661 734/94/661 630/42/661
f 631/42/662 735/94/662 737/95/662
f 736/95/663 684/69/663 774/112/663
f 775/112/664 685/69/664 737/95/664
f 781/115/230 780/96/230 691/73/230
f 693/73/229 783/96/229 782/115/229
f 739/72/282 785/116/282 784/97/282
f 785/116/282 739/72/282 740/96/282
f 741/96/281 742/72/281 786/116/281
f 787/97/281 786/116/281 742/72/281
f 694/74/284 788/117/284 749/100/284
f 788/117/284 694/74/284 744/97/284
f 745/97/283 695/74/283 789/117/283
f 750/100/283 789/117/283 695/74/283
f 746/98/184 781/115/184 691/73/184
f 781/115/184 746/98/184 790/118/184
f 791/118/183 747/98/183 782/115/183
f 693/73/183 782/115/183 747/98/183
f 752/101/186 746/98/186 696/75/186
f 746/98/186 752/101/186 792/119/186
f 793/119/185 753/101/185 747/98/185
f 697/75/185 747/98/185 753/101/185
f 794/99/288 754/102/288 698/76/288
f 754/102/288 794/99/288 795/120/288
f 795/120/288 794/99/288 796/100/288
f 799/100/287 798/99/287 797/120/287
f 797/120/287 798/99/287 755/102/287
f 699/76/287 755/102/287 798/99/287
f 756/103/190 752/101/190 700/77/190
f 752/101/190 756/103/190 800/121/190
f 801/121/189 757/103/189 753/101/189
f 701/77/189 753/101/189 757/103/189
f 754/102/292 763/107/292 707/81/292
f 763/107/292 754/102/292 802/122/292
f 803/122/291 755/102/291 765/107/291
f 709/81/291 765/107/291 755/102/291
f 759/105/194 756/103/194 702/78/194
f 756/103/194 759/105/194 804/123/194
f 805/123/193 761/105/193 757/103/193
f 704/78/193 757/103/193 761/105/193
f 806/124/200 759/105/200 758/104/200
f 759/105/200 806/124/200 807/125/200
f 809/125/199 808/124/199 761/105/199
f 760/104/199 761/105/199 808/124/199
f 810/126/294 762/106/294 763/107/294
f 765/107/293 764/106/293 811/126/293
f 766/108/665 710/82/665 812/127/665
f 813/127/666 711/82/666 767/108/666
f 768/109/667 712/83/667 814/96/667
f 815/96/668 714/83/668 769/109/668
f 816/128/669 713/84/669 768/109/669
f 713/84/669 816/128/669 770/110/669
f 771/110/670 817/128/670 715/84/670
f 769/109/670 715/84/670 817/128/670
f 772/111/416 818/129/416 724/89/416
f 818/129/416 772/111/416 819/130/416
f 821/130/415 773/111/415 820/129/415
f 725/89/415 820/129/415 773/111/415
f 818/129/671 726/90/671 724/89/671
f 725/89/672 727/90/672 820/129/672
f 818/129/673 774/112/673 726/90/673
f 727/90/674 775/112/674 820/129/674
f 822/131/675 728/91/675 776/113/675
f 728/91/675 822/131/675 823/132/675
f 825/132/676 824/131/676 729/91/676
f 777/113/676 729/91/676 824/131/676
f 778/114/677 826/133/677 730/92/677
f 731/92/678 827/133/678 779/114/678
f 776/113/679 730/92/679 828/134/679
f 829/134/680 731/92/680 777/113/680
f 734/94/681 830/135/681 732/93/681
f 733/93/682 831/135/682 735/94/682
f 830/135/683 778/114/683 732/93/683
f 733/93/684 779/114/684 831/135/684
f 736/95/685 832/136/685 734/94/685
f 735/94/686 833/136/686 737/95/686
f 736/95/687 774/112/687 832/136/687
f 833/136/688 775/112/688 737/95/688
f 834/137/280 780/96/280 781/115/280
f 782/115/279 783/96/279 835/137/279
f 836/138/320 785/116/320 740/96/320
f 785/116/320 836/138/320 837/139/320
f 839/139/319 838/138/319 786/116/319
f 741/96/319 786/116/319 838/138/319
f 784/97/322 841/140/322 840/117/322
f 841/140/322 784/97/322 785/116/322
f 786/116/321 787/97/321 842/140/321
f 843/117/321 842/140/321 787/97/321
f 840/117/324 795/120/324 796/100/324
f 795/120/324 840/117/324 844/141/324
f 845/141/323 843/117/323 797/120/323
f 799/100/323 797/120/323 843/117/323
f 790/118/272 834/137/272 781/115/272
f 834/137/272 790/118/272 846/142/272
f 847/142/271 791/118/271 835/137/271
f 782/115/271 835/137/271 791/118/271
f 792/119/226 790/118/226 746/98/226
f 790/118/226 792/119/226 848/143/226
f 849/143/225 793/119/225 791/118/225
f 747/98/225 791/118/225 793/119/225
f 800/121/228 792/119/228 752/101/228
f 792/119/228 800/121/228 850/144/228
f 851/144/227 801/121/227 793/119/227
f 753/101/227 793/119/227 801/121/227
f 795/120/328 802/122/328 754/102/328
f 802/122/328 795/120/328 852/145/328
f 853/145/327 797/120/327 803/122/327
f 755/102/327 803/122/327 797/120/327
f 804/123/234 800/121/234 756/103/234
f 800/121/234 804/123/234 854/146/234
f 855/146/233 805/123/233 801/121/233
f 757/103/233 801/121/233 805/123/233
f 810/126/330 763/107/330 802/122/330
f 803/122/329 765/107/329 811/126/329
f 807/125/238 804/123/238 759/105/238
f 804/123/238 807/125/238 856/147/238
f 857/147/237 809/125/237 805/123/237
f 761/105/237 805/123/237 809/125/237
f 858/148/689 807/125/689 806/124/689
f 808/124/690 809/125/690 859/148/690
f 860/149/691 766/108/691 812/127/691
f 813/127/692 767/108/692 861/149/692
f 819/130/669 862/150/669 818/129/669
f 862/150/669 819/130/669 863/151/669
f 865/151/670 821/130/670 864/150/670
f 820/129/670 864/150/670 821/130/670
f 862/150/693 774/112/693 818/129/693
f 820/129/694 775/112/694 864/150/694
f 866/152/695 776/113/695 828/134/695
f 776/113/695 866/152/695 822/131/695
f 824/131/696 867/152/696 777/113/696
f 829/134/696 777/113/696 867/152/696
f 869/153/38 822/131/38 868/154/38
f 822/131/38 869/153/38 823/132/38
f 825/132/37 870/153/37 824/131/37
f 871/154/37 824/131/37 870/153/37
f 778/114/697 872/155/697 826/133/697
f 827/133/698 873/155/698 779/114/698
f 730/92/699 826/133/699 828/134/699
f 829/134/700 827/133/700 731/92/700
f 832/136/701 830/135/701 734/94/701
f 735/94/702 831/135/702 833/136/702
f 778/114/703 830/135/703 872/155/703
f 873/155/704 831/135/704 779/114/704
f 862/150/705 832/136/705 774/112/705
f 775/112/706 833/136/706 864/150/706
f 874/137/280 836/138/280 740/96/280
f 741/96/279 838/138/279 875/137/279
f 837/139/354 841/140/354 785/116/354
f 841/140/354 837/139/354 876/156/354
f 877/156/353 839/139/353 842/140/353
f 786/116/353 842/140/353 839/139/353
f 840/117/356 878/157/356 844/141/356
f 878/157/356 840/117/356 841/140/356
f 842/140/355 843/117/355 879/157/355
f 845/141/355 879/157/355 843/117/355
f 795/120/358 880/158/358 852/145/358
f 880/158/358 795/120/358 844/141/358
f 845/141/357 797/120/357 881/158/357
f 853/145/357 881/158/357 797/120/357
f 848/143/274 846/142/274 790/118/274
f 846/142/274 848/143/274 882/159/274
f 883/159/273 849/143/273 847/142/273
f 791/118/273 847/142/273 849/143/273
f 884/160/276 792/119/276 850/144/276
f 792/119/276 884/160/276 848/143/276
f 849/143/275 885/160/275 793/119/275
f 851/144/275 793/119/275 885/160/275
f 886/161/278 800/121/278 854/146/278
f 800/121/278 886/161/278 850/144/278
f 851/144/277 887/161/277 801/121/277
f 855/146/277 801/121/277 887/161/277
f 810/126/360 802/122/360 852/145/360
f 853/145/359 803/122/359 811/126/359
f 856/147/286 854/146/286 804/123/286
f 854/146/286 856/147/286 888/162/286
f 889/162/285 857/147/285 855/146/285
f 805/123/285 855/146/285 857/147/285
f 858/148/290 856/147/290 807/125/290
f 809/125/289 857/147/289 859/148/289
f 890/73/707 860/149/707 812/127/707
f 813/127/708 861/149/708 891/73/708
f 863/151/625 892/163/625 862/150/625
f 892/163/625 863/151/625 893/164/625
f 895/164/626 865/151/626 894/163/626
f 864/150/626 894/163/626 865/151/626
f 828/134/709 896/165/709 866/152/709
f 896/165/709 828/134/709 826/133/709
f 827/133/710 829/134/710 897/165/710
f 867/152/710 897/165/710 829/134/710
f 822/131/711 898/166/711 868/154/711
f 898/166/711 822/131/711 866/152/711
f 867/152/712 824/131/712 899/166/712
f 871/154/712 899/166/712 824/131/712
f 901/167/28 868/154/28 900/168/28
f 868/154/28 901/167/28 869/153/28
f 870/153/27 902/167/27 871/154/27
f 903/168/27 871/154/27 902/167/27
f 872/155/713 904/169/713 826/133/713
f 904/169/713 872/155/713 905/170/713
f 907/170/714 873/155/714 906/169/714
f 827/133/714 906/169/714 873/155/714
f 908/171/715 830/135/715 832/136/715
f 833/136/716 831/135/716 909/171/716
f 830/135/717 905/170/717 872/155/717
f 873/155/718 907/170/718 831/135/718
f 892/163/719 832/136/719 862/150/719
f 864/150/720 833/136/720 894/163/720
f 841/140/378 910/172/378 878/157/378
f 910/172/378 841/140/378 876/156/378
f 877/156/377 842/140/377 911/172/377
f 879/157/377 911/172/377 842/140/377
f 844/141/380 912/173/380 880/158/380
f 912/173/380 844/141/380 878/157/380
f 879/157/379 845/141/379 913/173/379
f 881/158/379 913/173/379 845/141/379
f 880/158/382 810/126/382 852/145/382
f 853/145/381 811/126/381 881/158/381
f 884/160/314 882/159/314 848/143/314
f 882/159/314 884/160/314 914/174/314
f 915/174/313 885/160/313 883/159/313
f 849/143/313 883/159/313 885/160/313
f 916/175/316 850/144/316 886/161/316
f 850/144/316 916/175/316 884/160/316
f 885/160/315 917/175/315 851/144/315
f 887/161/315 851/144/315 917/175/315
f 918/176/318 854/146/318 888/162/318
f 854/146/318 918/176/318 886/161/318
f 887/161/317 919/176/317 855/146/317
f 889/162/317 855/146/317 919/176/317
f 888/162/326 856/147/326 858/148/326
f 859/148/325 857/147/325 889/162/325
f 893/164/627 908/171/627 892/163/627
f 908/171/627 893/164/627 920/177/627
f 921/177/628 895/164/628 909/171/628
f 894/163/628 909/171/628 895/164/628
f 826/133/721 922/178/721 896/165/721
f 922/178/721 826/133/721 904/169/721
f 906/169/722 827/133/722 923/178/722
f 897/165/722 923/178/722 827/133/722
f 866/152/723 924/179/723 898/166/723
f 924/179/723 866/152/723 896/165/723
f 897/165/724 867/152/724 925/179/724
f 899/166/724 925/179/724 867/152/724
f 868/154/725 926/180/725 900/168/725
f 926/180/725 868/154/725 898/166/725
f 899/166/726 871/154/726 927/180/726
f 903/168/726 927/180/726 871/154/726
f 929/181/727 900/168/727 928/182/727
f 900/168/727 929/181/727 901/167/727
f 902/167/728 930/181/728 903/168/728
f 931/182/728 903/168/728 930/181/728
f 905/170/729 932/183/729 904/169/729
f 932/183/729 905/170/729 933/184/729
f 935/184/730 907/170/730 934/183/730
f 906/169/730 934/183/730 907/170/730
f 908/171/731 832/136/731 892/163/731
f 894/163/732 833/136/732 909/171/732
f 908/171/647 905/170/647 830/135/647
f 905/170/647 908/171/647 933/184/647
f 935/184/648 909/171/648 907/170/648
f 831/135/648 907/170/648 909/171/648
f 878/157/398 936/185/398 912/173/398
f 936/185/398 878/157/398 910/172/398
f 911/172/397 879/157/397 937/185/397
f 913/173/397 937/185/397 879/157/397
f 912/173/400 810/126/400 880/158/400
f 881/158/399 811/126/399 913/173/399
f 938/186/348 884/160/348 916/175/348
f 884/160/348 938/186/348 914/174/348
f 915/174/347 939/186/347 885/160/347
f 917/175/347 885/160/347 939/186/347
f 940/187/350 886/161/350 918/176/350
f 886/161/350 940/187/350 916/175/350
f 917/175/349 941/187/349 887/161/349
f 919/176/349 887/161/349 941/187/349
f 918/176/352 888/162/352 858/148/352
f 859/148/351 889/162/351 919/176/351
f 920/177/669 933/184/669 908/171/669
f 933/184/669 920/177/669 942/188/669
f 943/188/670 921/177/670 935/184/670
f 909/171/670 935/184/670 921/177/670
f 904/169/733 944/189/733 922/178/733
f 944/189/733 904/169/733 932/183/733
f 934/183/734 906/169/734 945/189/734
f 923/178/734 945/189/734 906/169/734
f 896/165/735 946/190/735 924/179/735
f 946/190/735 896/165/735 922/178/735
f 923/178/736 897/165/736 947/190/736
f 925/179/736 947/190/736 897/165/736
f 898/166/737 948/191/737 926/180/737
f 948/191/737 898/166/737 924/179/737
f 925/179/738 899/166/738 949/191/738
f 927/180/738 949/191/738 899/166/738
f 900/168/739 950/192/739 928/182/739
f 950/192/739 900/168/739 926/180/739
f 927/180/740 903/168/740 951/192/740
f 931/182/740 951/192/740 903/168/740
f 953/193/741 928/182/741 952/194/741
f 928/182/741 953/193/741 929/181/741
f 930/181/742 954/193/742 931/182/742
f 955/194/742 931/182/742 954/193/742
f 942/188/743 932/183/743 933/184/743
f 932/183/743 942/188/743 956/195/743
f 957/195/744 943/188/744 934/183/744
f 935/184/744 934/183/744 943/188/744
f 936/185/414 810/126/414 912/173/414
f 913/173/413 811/126/413 937/185/413
f 958/196/374 916/175/374 940/187/374
f 916/175/374 958/196/374 938/186/374
f 939/186/373 959/196/373 917/175/373
f 941/187/373 917/175/373 959/196/373
f 940/187/376 918/176/376 858/148/376
f 859/148/375 919/176/375 941/187/375
f 956/195/745 944/189/745 932/183/745
f 944/189/745 956/195/745 960/197/745
f 961/197/746 957/195/746 945/189/746
f 934/183/746 945/189/746 957/195/746
f 922/178/747 962/198/747 946/190/747
f 962/198/747 922/178/747 944/189/747
f 945/189/748 923/178/748 963/198/748
f 947/190/748 963/198/748 923/178/748
f 924/179/749 964/199/749 948/191/749
f 964/199/749 924/179/749 946/190/749
f 947/190/750 925/179/750 965/199/750
f 949/191/750 965/199/750 925/179/750
f 926/180/751 966/200/751 950/192/751
f 966/200/751 926/180/751 948/191/751
f 949/191/752 927/180/752 967/200/752
f 951/192/752 967/200/752 927/180/752
f 928/182/753 968/201/753 952/194/753
f 968/201/753 928/182/753 950/192/753
f 951/192/754 931/182/754 969/201/754
f 955/194/754 969/201/754 931/182/754
f 971/202/755 952/194/755 970/203/755
f 952/194/755 971/202/755 953/193/755
f 954/193/756 972/202/756 955/194/756
f 973/203/756 955/194/756 972/202/756
f 958/196/396 940/187/396 858/148/396
f 859/148/395 941/187/395 959/196/395
f 944/189/252 974/204/252 962/198/252
f 974/204/252 944/189/252 960/197/252
f 961/197/251 945/189/251 975/204/251
f 963/198/251 975/204/251 945/189/251
f 946/190/757 976/205/757 964/199/757
f 976/205/757 946/190/757 962/198/757
f 963/198/758 947/190/758 977/205/758
f 965/199/758 977/205/758 947/190/758
f 948/191/759 978/206/759 966/200/759
f 978/206/759 948/191/759 964/199/759
f 965/199/760 949/191/760 979/206/760
f 967/200/760 979/206/760 949/191/760
f 950/192/761 980/207/761 968/201/761
f 980/207/761 950/192/761 966/200/761
f 967/200/762 951/192/762 981/207/762
f 969/201/762 981/207/762 951/192/762
f 952/194/763 982/208/763 970/203/763
f 982/208/763 952/194/763 968/201/763
f 969/201/764 955/194/764 983/208/764
f 973/203/764 983/208/764 955/194/764
f 985/209/765 970/203/765 984/210/765
f 970/203/765 985/209/765 971/202/765
f 972/202/766 986/209/766 973/203/766
f 987/210/766 973/203/766 986/209/766
f 962/198/206 988/211/206 976/205/206
f 988/211/206 962/198/206 974/204/206
f 975/204/205 963/198/205 989/211/205
f 977/205/205 989/211/205 963/198/205
f 964/199/767 990/212/767 978/206/767
f 990/212/767 964/199/767 976/205/767
f 977/205/768 965/199/768 991/212/768
f 979/206/768 991/212/768 965/199/768
f 966/200/769 992/213/769 980/207/769
f 992/213/769 966/200/769 978/206/769
f 979/206/770 967/200/770 993/213/770
f 981/207/770 993/213/770 967/200/770
f 968/201/771 994/214/771 982/208/771
f 994/214/771 968/201/771 980/207/771
f 981/207/772 969/201/772 995/214/772
f 983/208/772 995/214/772 969/201/772
f 984/210/773 982/208/773 996/215/773
f 982/208/773 984/210/773 970/203/773
f 973/203/774 987/210/774 983/208/774
f 997/215/774 983/208/774 987/210/774
f 999/216/775 984/210/775 998/217/775
f 984/210/775 999/216/775 985/209/775
f 986/209/776 1000/216/776 987/210/776
f 1001/217/776 987/210/776 1000/216/776
f 976/205/777 1002/218/777 990/212/777
f 1002/218/777 976/205/777 988/211/777
f 989/211/778 977/205/778 1003/218/778
f 991/212/778 1003/218/778 977/205/778
f 978/206/779 1004/219/779 992/213/779
f 1004/219/779 978/206/779 990/212/779
f 991/212/780 979/206/780 1005/219/780
f 993/213/780 1005/219/780 979/206/780
f 980/207/781 1006/220/781 994/214/781
f 1006/220/781 980/207/781 992/213/781
f 993/213/782 981/207/782 1007/220/782
f 995/214/782 1007/220/782 981/207/782
f 982/208/783 1008/221/783 996/215/783
f 1008/221/783 982/208/783 994/214/783
f 995/214/784 983/208/784 1009/221/784
f 997/215/784 1009/221/784 983/208/784
f 998/217/785 996/215/785 1010/222/785
f 996/215/785 998/217/785 984/210/785
f 987/210/786 1001/217/786 997/215/786
f 1011/222/786 997/215/786 1001/217/786
f 1088/223/787 998/217/787 1085/224/787
f 998/217/787 1088/223/787 999/216/787
f 1000/216/788 1088/223/788 1001/217/788
f 1085/224/788 1001/217/788 1088/223/788
f 990/212/789 1013/225/789 1004/219/789
f 1013/225/789 990/212/789 1002/218/789
f 1003/218/790 991/212/790 1014/225/790
f 1005/219/790 1014/225/790 991/212/790
f 992/213/791 1015/226/791 1006/220/791
f 1015/226/791 992/213/791 1004/219/791
f 1005/219/792 993/213/792 1016/226/792
f 1007/220/792 1016/226/792 993/213/792
f 994/214/793 1017/227/793 1008/221/793
f 1017/227/793 994/214/793 1006/220/793
f 1007/220/794 995/214/794 1018/227/794
f 1009/221/794 1018/227/794 995/214/794
f 996/215/795 1019/228/795 1010/222/795
f 1019/228/795 996/215/795 1008/221/795
f 1009/221/796 997/215/796 1020/228/796
f 1011/222/796 1020/228/796 997/215/796
f 1085/224/797 1010/222/797 1086/229/797
f 1010/222/797 1085/224/797 998/217/797
f 1001/217/798 1085/224/798 1011/222/798
f 1086/229/798 1011/222/798 1085/224/798
f 1004/219/799 1022/230/799 1015/226/799
f 1022/230/799 1004/219/799 1013/225/799
f 1014/225/800 1005/219/800 1023/230/800
f 1016/226/800 1023/230/800 1005/219/800
f 1006/220/801 1024/231/801 1017/227/801
f 1024/231/801 1006/220/801 1015/226/801
f 1016/226/802 1007/220/802 1025/231/802
f 1018/227/802 1025/231/802 1007/220/802
f 1008/221/803 1026/232/803 1019/228/803
f 1026/232/803 1008/221/803 1017/227/803
f 1018/227/804 1009/221/804 1027/232/804
f 1020/228/804 1027/232/804 1009/221/804
f 1010/222/805 1091/233/805 1086/229/805
f 1091/233/805 1010/222/805 1019/228/805
f 1020/228/806 1011/222/806 1091/233/806
f 1086/229/806 1091/233/806 1011/222/806
f 1015/226/807 1029/234/807 1024/231/807
f 1029/234/807 1015/226/807 1022/230/807
f 1023/230/808 1016/226/808 1030/234/808
f 1025/231/808 1030/234/808 1016/226/808
f 1017/227/809 1031/235/809 1026/232/809
f 1031/235/809 1017/227/809 1024/231/809
f 1025/231/810 1018/227/810 1032/235/810
f 1027/232/810 1032/235/810 1018/227/810
f 1019/228/811 1087/236/811 1091/233/811
f 1087/236/811 1019/228/811 1026/232/811
f 1027/232/812 1020/228/812 1087/236/812
f 1091/233/812 1087/236/812 1020/228/812
f 1024/231/813 1034/237/813 1031/235/813
f 1034/237/813 1024/231/813 1029/234/813
f 1030/234/814 1025/231/814 1035/237/814
f 1032/235/814 1035/237/814 1025/231/814
f 1026/232/815 1089/238/815 1087/236/815
f 1089/238/815 1026/232/815 1031/235/815
f 1032/235/816 1027/232/816 1089/238/816
f 1087/236/816 1089/238/816 1027/232/816
f 1031/235/817 1092/239/817 1089/238/817
f 1092/239/817 1031/235/817 1034/237/817
f 1035/237/818 1032/235/818 1092/239/818
f 1089/238/818 1092/239/818 1032/235/818
f 1039/240/488 1038/240/488 1037/240/488
f 1041/240/488 1038/240/488 1040/240/488
f 1042/240/489 1038/240/489 1041/240/489
f 1044/240/819 1041/240/819 1043/240/819
f 1045/240/820 1042/240/820 1043/240/820
f 1046/240/821 1042/240/821 1045/240/821
f 1047/240/822 1046/240/822 1045/240/822
f 1048/240/823 1046/240/823 1047/240/823
f 1049/240/824 1048/240/824 1047/240/824
f 1052/76/480 1051/14/480 1050/99/480
f 1054/99/480 1051/14/480 1053/100/480
f 1053/100/481 1051/14/481 1044/49/481
f 1055/117/825 1053/100/825 1042/49/825
f 1055/117/826 1044/49/826 1056/97/826
f 1056/97/827 1044/49/827 1057/82/827
f 1056/97/828 1057/82/828 1058/72/828
f 1058/72/829 1057/82/829 1059/127/829
f 1058/72/830 1059/127/830 1060/73/830
f 1063/240/831 1062/240/831 1061/240/831
f 1063/240/832 1064/240/832 1062/240/832
f 1067/96/833 1066/109/833 1065/137/833
f 1066/109/834 1068/128/834 1065/137/834
f 1071/240/835 1070/240/835 1069/240/835
f 1073/240/836 1072/240/836 1070/240/836
f 1071/240/837 1074/240/837 1072/240/837
f 1074/240/621 1075/240/621 1072/240/621
f 1077/73/838 1076/149/838 1073/96/838
f 1076/149/839 1078/108/839 1071/96/839
f 1078/108/840 1079/83/840 1073/96/840
f 1078/108/622 1080/66/622 1079/83/622
f 493/241/119 488/241/119 1105/241/119
f 1093/241/119 1094/241/119 1082/241/119 1081/241/119
f 1095/241/119 1096/241/119 1084/241/119 1083/241/119
f 1096/241/119 1093/241/119 1081/241/119 1084/241/119
f 1097/241/119 1098/241/119 1086/241/119 1085/241/119
f 1094/241/119 1099/241/119 1088/241/119 1082/241/119
f 1100/241/119 1101/241/119 1089/241/119 1087/241/119
f 1101/241/119 1102/241/119 1092/241/119 1089/241/119
f 1102/241/119 1103/241/119 1090/241/119 1092/241/119
f 1103/241/119 1095/241/119 1083/241/119 1090/241/119
f 1098/241/119 1104/241/119 1091/241/119 1086/241/119
f 1104/241/119 1100/241/119 1087/241/119 1091/241/119
f 1099/241/119 1097/241/119 1085/241/119 1088/241/119
f 493/241/119 496/241/119 1094/241/119 1093/241/119
f 481/241/119 488/241/119 1096/241/119 1095/241/119
f 488/241/119 493/241/119 1093/241/119 1096/241/119
f 1012/241/119 1021/241/119 1098/241/119 1097/241/119
f 496/241/119 497/241/119 1099/241/119 1094/241/119
f 1033/241/119 1036/241/119 1101/241/119 1100/241/119
f 1036/241/119 472/241/119 1102/241/119 1101/241/119
f 472/241/119 471/241/119 1103/241/119 1102/241/119
f 471/241/119 481/241/119 1095/241/119 1103/241/119
f 1021/241/119 1028/241/119 1104/241/119 1098/241/119
f 1028/241/119 1033/241/119 1100/241/119 1104/241/119
f 497/241/119 1012/241/119 1097/241/119 1099/241/119
f 497/241/119 1105/241/119 1012/241/119
f 1028/241/119 1105/241/119 1033/241/119
f 1105/241/119 488/241/119 481/241/119
f 1033/241/119 1105/241/119 1036/241/119
f 1105/241/119 496/241/119 493/241/119
f 481/241/119 471/241/119 1105/241/119
f 1021/241/119 1105/241/119 1028/241/119
f 1012/241/119 1105/241/119 1021/241/119
f 1105/241/119 471/241/119 472/241/119
f 1036/241/119 1105/241/119 472/241/119
f 496/241/119 1105/241/119 497/241/119
